-- phpMyAdmin SQL Dump
-- version 5.2.1
-- https://www.phpmyadmin.net/
--
-- Host: 127.0.0.1
-- Generation Time: Mar 22, 2024 at 11:37 AM
-- Server version: 10.4.32-MariaDB
-- PHP Version: 8.2.12

SET SQL_MODE = "NO_AUTO_VALUE_ON_ZERO";
START TRANSACTION;
SET time_zone = "+00:00";


/*!40101 SET @OLD_CHARACTER_SET_CLIENT=@@CHARACTER_SET_CLIENT */;
/*!40101 SET @OLD_CHARACTER_SET_RESULTS=@@CHARACTER_SET_RESULTS */;
/*!40101 SET @OLD_COLLATION_CONNECTION=@@COLLATION_CONNECTION */;
/*!40101 SET NAMES utf8mb4 */;

--
-- Database: `carpool`
--

-- --------------------------------------------------------

--
-- Table structure for table `account_tb`
--

CREATE TABLE `account_tb` (
  `Acc_ID` varchar(255) NOT NULL,
  `Acc_Type` text NOT NULL,
  `Acc_Code` text NOT NULL,
  `Acc_Fullname` text NOT NULL,
  `Acc_Nickname` text NOT NULL,
  `Acc_Tel` text NOT NULL,
  `Acc_Line` text NOT NULL,
  `Acc_Password` text NOT NULL,
  `Acc_Status` text NOT NULL
) ENGINE=InnoDB DEFAULT CHARSET=utf8 COLLATE=utf8_unicode_ci;

--
-- Dumping data for table `account_tb`
--

INSERT INTO `account_tb` (`Acc_ID`, `Acc_Type`, `Acc_Code`, `Acc_Fullname`, `Acc_Nickname`, `Acc_Tel`, `Acc_Line`, `Acc_Password`, `Acc_Status`) VALUES
('ACC001', 'admin', '12345', 'นาวา บุญนาค', 'นาวา', '0812345678', 'nawa1234', '25d55ad283aa400af464c76d713c07ad', 'Actived'),
('ACC002', 'user', '54321', 'สมชาย ใจดี', 'แมน', '0898765432', 'man.jai', '25d55ad283aa400af464c76d713c07ad', 'Unauthorized'),
('ACC003', 'user', '98765', 'สุรีย์พร วงศ์รักษ์', 'ฝ้าย', '0912345678', 'faii.wong', '25d55ad283aa400af464c76d713c07ad', 'Expired'),
('ACC004', 'user', '45678', 'กิตติศักดิ์ พงษ์ศักดิ์', 'บอย', '0823456789', 'boy.pong', '25d55ad283aa400af464c76d713c07ad', 'Unauthorized'),
('ACC005', 'admin', '36985', 'พิมพิลาไล ทองคำ', 'พิม', '0834567890', 'pim.thong', '25d55ad283aa400af464c76d713c07ad', 'Actived'),
('ACC006', 'user', '27894', 'ณัฐพล ธรรมศักดิ์', 'ต้น', '0845678901', 'ton.tum', '25d55ad283aa400af464c76d713c07ad', 'Unauthorized'),
('ACC007', 'user', '85296', 'ชลธิชา ภักดีกุล', 'ฝน', '0856789012', 'fon.pakdee', '25d55ad283aa400af464c76d713c07ad', 'Actived'),
('ACC008', 'user', '74138', 'วรัญญู วงษ์ชัย', 'อั้ม', '0867890123', 'aum.wong', '25d55ad283aa400af464c76d713c07ad', 'Actived'),
('ACC009', 'admin', '62514', 'ปิยะนุช ศรีสุวรรณ', 'ปุ้ย', '0878901234', 'puy.srisuwan', '25d55ad283aa400af464c76d713c07ad', 'Pending'),
('ACC010', 'user', '19537', 'ธนกฤต ใจมั่น', 'ตั้ม', '0889012345', 'tum.jaiman', '25d55ad283aa400af464c76d713c07ad', 'Actived'),
('ACC011', 'user', '48269', 'รัชนก แก้วใส', 'แก้ว', '0890123456', 'kaew.kaew', '25d55ad283aa400af464c76d713c07ad', 'Actived'),
('ACC012', 'user', '29175', 'นลินี ใจดี', 'ฝน', '0912345679', 'fon.jai', '25d55ad283aa400af464c76d713c07ad', 'Unauthorized'),
('ACC013', 'user', '73618', 'ชัยวัฒน์ ศรีสมบูรณ์', 'โอ๊ต', '0923456789', 'oat.srisomboon', '25d55ad283aa400af464c76d713c07ad', 'Actived'),
('ACC014', 'user', '51482', 'พิมพิลาไล ทองคำ', 'พิม', '0934567890', 'pim.thong', '25d55ad283aa400af464c76d713c07ad', 'Actived'),
('ACC015', 'user', '46927', 'ณัฐพล ธรรมศักดิ์', 'ต้น', '0945678901', 'ton.tum', '25d55ad283aa400af464c76d713c07ad', 'Actived'),
('ACC016', 'admin', '35816', 'ชลธิชา ภักดีกุล', 'ฝน', '0956789012', 'fon.pakdee', '25d55ad283aa400af464c76d713c07ad', 'Actived'),
('ACC017', 'user', '24795', 'วรัญญู วงษ์ชัย', 'อั้ม', '0967890123', 'aum.wong', '25d55ad283aa400af464c76d713c07ad', 'Unauthorized'),
('ACC018', 'user', '13674', 'ปิยะนุช ศรีสุวรรณ', 'ปุ้ย', '0978901234', 'puy.srisuwan', '25d55ad283aa400af464c76d713c07ad', 'Actived'),
('ACC019', 'user', '82563', 'ธนกฤต ใจมั่น', 'ตั้ม', '0989012345', 'tum.jaiman', '25d55ad283aa400af464c76d713c07ad', 'Actived'),
('ACC020', 'admin', '71452', 'รัชนก แก้วใส', 'แก้ว', '0990123456', 'kaew.kaew', '25d55ad283aa400af464c76d713c07ad', 'Actived'),
('ACC021', 'admin', '23576', 'ณัฐพล จันทร์รอน', 'ฟิล์ม', '0972806742', 'pingchingpongchongii', '97fa33ae093e9dfa499bced6a42b3e43', 'Actived');

-- --------------------------------------------------------

--
-- Table structure for table `brand_tb`
--

CREATE TABLE `brand_tb` (
  `Br_ID` varchar(5) NOT NULL,
  `Br_Name` text NOT NULL
) ENGINE=InnoDB DEFAULT CHARSET=utf8 COLLATE=utf8_unicode_ci;

-- --------------------------------------------------------

--
-- Table structure for table `car_tb`
--

CREATE TABLE `car_tb` (
  `Car_ID` varchar(255) NOT NULL,
  `Car_Brand` text NOT NULL,
  `Car_Model` text NOT NULL,
  `Car_Number` text NOT NULL,
  `Car_Mileage` text NOT NULL,
  `Car_Status` text NOT NULL
) ENGINE=InnoDB DEFAULT CHARSET=utf8 COLLATE=utf8_unicode_ci;

--
-- Dumping data for table `car_tb`
--

INSERT INTO `car_tb` (`Car_ID`, `Car_Brand`, `Car_Model`, `Car_Number`, `Car_Mileage`, `Car_Status`) VALUES
('CAR001', 'ISUZU', '-', '4กผ-2033', '178820', 'Ready'),
('CAR002', 'ISUZU', '-', '4กผ-2037', '160359', 'Ready'),
('CAR003', 'ISUZU', '-', '4กผ-2040', '235684', 'Ready'),
('CAR004', 'ISUZU', '-', '4กผ-2043', '185707', 'Ready'),
('CAR005', 'TOYOTA', '-', 'ชห-8974', '469115', 'Ready'),
('CAR006', 'TOYOTA', '-', 'สฬ-4756', '631142', 'Ready'),
('CAR007', 'TOYOTA', '-', 'ชส-3276', '435156', 'Ready'),
('CAR008', 'ISUZU', '-', 'ชภ-4286', '526478', 'Ready'),
('CAR009', 'ISUZU', '-', 'ชภ-4287', '529466', 'Ready'),
('CAR010', 'TOYOTA', '-', 'ศอ-1432', '606386', 'Ready'),
('CAR011', '-', '-', '9กจ-6670', '98289', 'Ready');

-- --------------------------------------------------------

--
-- Table structure for table `doc_tb`
--

CREATE TABLE `doc_tb` (
  `Doc_ID` varchar(255) NOT NULL,
  `Car_ID` text NOT NULL,
  `Acc_ID` text NOT NULL,
  `Doc_File` text NOT NULL,
  `Doc_Upload` text NOT NULL DEFAULT '-',
  `Doc_Pay` text NOT NULL DEFAULT '-',
  `Doc_PayDate` text NOT NULL DEFAULT '-',
  `Doc_Status` text NOT NULL
) ENGINE=InnoDB DEFAULT CHARSET=utf8 COLLATE=utf8_unicode_ci;

-- --------------------------------------------------------

--
-- Table structure for table `history_tb`
--

CREATE TABLE `history_tb` (
  `H_ID` varchar(255) NOT NULL,
  `Acc_ID` text NOT NULL,
  `Car_ID` text NOT NULL,
  `H_StartDate` text NOT NULL,
  `H_EndDate` text NOT NULL,
  `H_StartTime` text NOT NULL,
  `H_EndTime` text NOT NULL,
  `H_Project` text NOT NULL,
  `H_MileageStart` text NOT NULL,
  `H_MileageEnd` text NOT NULL,
  `H_PicFront` text NOT NULL,
  `H_PicBack` text NOT NULL,
  `H_PicLeft` text NOT NULL,
  `H_PicRight` text NOT NULL,
  `H_PicHood` text NOT NULL,
  `H_PicMileageEnd` text NOT NULL,
  `H_PicMileageStart` text NOT NULL,
  `H_Status` text NOT NULL
) ENGINE=InnoDB DEFAULT CHARSET=utf8 COLLATE=utf8_unicode_ci;

--
-- Dumping data for table `history_tb`
--

INSERT INTO `history_tb` (`H_ID`, `Acc_ID`, `Car_ID`, `H_StartDate`, `H_EndDate`, `H_StartTime`, `H_EndTime`, `H_Project`, `H_MileageStart`, `H_MileageEnd`, `H_PicFront`, `H_PicBack`, `H_PicLeft`, `H_PicRight`, `H_PicHood`, `H_PicMileageEnd`, `H_PicMileageStart`, `H_Status`) VALUES
('H20240321131420', 'ACC007', 'CAR009', '20240314', '20240314', '-', '-', 'HUAWEI', '529466', '-', '-', '-', '-', '-', '-', '-', '-', 'started'),
('H20240321172149', 'ACC021', 'CAR008', '20240314', '20240315', '08:46', '-', 'รรรรรร', '526478', '-', '-', '-', '-', '-', '-', '-', '-', 'started');

-- --------------------------------------------------------

--
-- Table structure for table `log_tb`
--

CREATE TABLE `log_tb` (
  `Log_ID` varchar(255) NOT NULL,
  `Log_Date` text NOT NULL,
  `ACC_ID` text NOT NULL,
  `Log_Event` text NOT NULL
) ENGINE=InnoDB DEFAULT CHARSET=utf8 COLLATE=utf8_unicode_ci;

--
-- Dumping data for table `log_tb`
--

INSERT INTO `log_tb` (`Log_ID`, `Log_Date`, `ACC_ID`, `Log_Event`) VALUES
('LOG0000000001', '20240316', 'ACC021', 'คุณ ณัฐพล จันทร์รอนฟิล์ม ได้เข้าสู่ระบบ เมื่อ 15:19 น.'),
('LOG0000000002', '20240316', 'ACC021', 'คุณ ณัฐพล จันทร์รอน(ฟิล์ม) ได้เข้าสู่ระบบ เมื่อ 15:20 น.'),
('LOG0000000003', '20240316', 'ACC021', 'คุณ ณัฐพล จันทร์รอน(ฟิล์ม) เข้าสู่ระบบ เมื่อวันที่ 16/03/2024 เวลา 15:25 น.'),
('LOG0000000004', '20240318', 'ACC005', 'คุณ พิมพิลาไล ทองคำ(พิม) เข้าสู่ระบบ เมื่อวันที่ 18/03/2024 เวลา 09:48 น.'),
('LOG0000000005', '20240319', 'ACC021', 'คุณ ณัฐพล จันทร์รอน(ฟิล์ม) ทำการจองรถ เมื่อวันที่ 19/03/2024 เวลา 13:51 น.'),
('LOG0000000006', '20240319', 'ACC021', 'คุณ ณัฐพล จันทร์รอน(ฟิล์ม) ยกเลิกการจองรถ เมื่อวันที่ 19/03/2024 เวลา 13:58 น.'),
('LOG0000000007', '20240319', 'ACC021', 'คุณ ณัฐพล จันทร์รอน(ฟิล์ม) ทำการจองรถทะเบียน ชภ-4286 เมื่อวันที่ 19/03/2024 เวลา 13:59 น.'),
('LOG0000000008', '20240319', 'ACC021', 'คุณ ณัฐพล จันทร์รอน(ฟิล์ม) เข้าสู่ระบบ เมื่อวันที่ 19/03/2024 เวลา 14:03 น.'),
('LOG0000000009', '20240319', 'ACC021', 'คุณ ณัฐพล จันทร์รอน(ฟิล์ม) ออกจากระบบ เมื่อวันที่ 19/03/2024 เวลา 14:03 น.'),
('LOG0000000010', '20240319', 'ACC021', 'คุณ ณัฐพล จันทร์รอน(ฟิล์ม) เข้าสู่ระบบ เมื่อวันที่ 19/03/2024 เวลา 14:05 น.'),
('LOG0000000011', '20240319', 'ACC021', 'คุณ ณัฐพล จันทร์รอน(ฟิล์ม) ทำการจองรถทะเบียน ชภ-4286 เมื่อวันที่ 19/03/2024 เวลา 14:05 น.'),
('LOG0000000012', '20240319', 'ACC021', 'คุณ ณัฐพล จันทร์รอน(ฟิล์ม) ยกเลิกการจองรถ เมื่อวันที่ 19/03/2024 เวลา 14:06 น.'),
('LOG0000000013', '20240319', 'ACC021', 'คุณ ณัฐพล จันทร์รอน(ฟิล์ม) ออกจากระบบ เมื่อวันที่ 19/03/2024 เวลา 14:23 น.'),
('LOG0000000014', '20240319', 'ACC021', 'คุณ ณัฐพล จันทร์รอน(ฟิล์ม) เข้าสู่ระบบ เมื่อวันที่ 19/03/2024 เวลา 14:23 น.'),
('LOG0000000015', '20240319', 'ACC021', 'คุณ ณัฐพล จันทร์รอน(ฟิล์ม) เพิ่มรถยนต์ทะเบียน รรรน เมื่อวันที่ 19/03/2024 เวลา 15:41 น.'),
('LOG0000000016', '20240319', 'ACC021', 'คุณ ณัฐพล จันทร์รอน(ฟิล์ม) เพิ่มรถยนต์ทะเบียน eyeueu เมื่อวันที่ 19/03/2024 เวลา 15:43 น.'),
('LOG0000000017', '20240319', 'ACC021', 'คุณ ณัฐพล จันทร์รอน(ฟิล์ม) ยกเลิกการจองรถ เมื่อวันที่ 19/03/2024 เวลา 15:55 น.'),
('LOG0000000018', '20240319', 'ACC021', 'คุณ ณัฐพล จันทร์รอน(ฟิล์ม) ทำการจองรถทะเบียน 4กผ-2037 เมื่อวันที่ 19/03/2024 เวลา 15:57 น.'),
('LOG0000000019', '20240319', 'ACC021', 'คุณ ณัฐพล จันทร์รอน(ฟิล์ม) ยกเลิกการจองรถยนต์ เมื่อวันที่ 19/03/2024 เวลา 15:57 น.'),
('LOG0000000020', '20240319', 'ACC021', 'คุณ ณัฐพล จันทร์รอน(ฟิล์ม) ทำการจองรถทะเบียน ชภ-4286 เมื่อวันที่ 19/03/2024 เวลา 15:59 น.'),
('LOG0000000021', '20240319', 'ACC021', 'คุณ ณัฐพล จันทร์รอน(ฟิล์ม) ยกเลิกการจองรถทะเบียน ชภ-4286 เมื่อวันที่ 19/03/2024 เวลา 16:00 น.'),
('LOG0000000022', '20240319', 'ACC021', 'คุณ ณัฐพล จันทร์รอน(ฟิล์ม) ทำการจองรถทะเบียน 4กผ-2037 เมื่อวันที่ 19/03/2024 เวลา 16:01 น.'),
('LOG0000000023', '20240319', 'ACC021', 'คุณ ณัฐพล จันทร์รอน(ฟิล์ม) ทำการจองรถทะเบียน ศอ-1432 เมื่อวันที่ 19/03/2024 เวลา 16:01 น.'),
('LOG0000000024', '20240320', 'ACC021', 'คุณ ณัฐพล จันทร์รอน(ฟิล์ม) ปิดการใช้งานรถยนต์ทะเบียน eyeueu เมื่อวันที่ 20/03/2024 เวลา 11:36 น.'),
('LOG0000000025', '20240320', 'ACC021', 'คุณ ณัฐพล จันทร์รอน(ฟิล์ม) ปิดการใช้งานรถยนต์ทะเบียน 9กจ-6670 เมื่อวันที่ 20/03/2024 เวลา 11:37 น.'),
('LOG0000000026', '20240320', 'ACC021', 'คุณ ณัฐพล จันทร์รอน(ฟิล์ม) เปิดการใช้งานรถยนต์ทะเบียน 9กจ-6670 เมื่อวันที่ 20/03/2024 เวลา 11:37 น.'),
('LOG0000000027', '20240320', 'ACC021', 'คุณ ณัฐพล จันทร์รอน(ฟิล์ม) เปิดการใช้งานรถยนต์ทะเบียน รรรน เมื่อวันที่ 20/03/2024 เวลา 11:39 น.'),
('LOG0000000028', '20240320', 'ACC021', 'คุณ ณัฐพล จันทร์รอน(ฟิล์ม) ปิดการใช้งานรถยนต์ทะเบียน รรรน เมื่อวันที่ 20/03/2024 เวลา 11:39 น.'),
('LOG0000000029', '20240320', 'ACC021', 'คุณ ณัฐพล จันทร์รอน(ฟิล์ม) ปิดการใช้งานรถยนต์ทะเบียน สฬ-4756 เมื่อวันที่ 20/03/2024 เวลา 11:39 น.'),
('LOG0000000030', '20240320', 'ACC021', 'คุณ ณัฐพล จันทร์รอน(ฟิล์ม) เปิดการใช้งานรถยนต์ทะเบียน สฬ-4756 เมื่อวันที่ 20/03/2024 เวลา 11:39 น.'),
('LOG0000000031', '20240320', 'ACC021', 'คุณ ณัฐพล จันทร์รอน(ฟิล์ม) ปิดการใช้งานรถยนต์ทะเบียน 9กจ-6670 เมื่อวันที่ 20/03/2024 เวลา 11:40 น.'),
('LOG0000000032', '20240320', 'ACC021', 'คุณ ณัฐพล จันทร์รอน(ฟิล์ม) เปิดการใช้งานรถยนต์ทะเบียน 9กจ-6670 เมื่อวันที่ 20/03/2024 เวลา 11:40 น.'),
('LOG0000000033', '20240320', 'ACC021', 'คุณ ณัฐพล จันทร์รอน(ฟิล์ม) ยกเลิกการจองรถทะเบียน 4กผ-2037 เมื่อวันที่ 20/03/2024 เวลา 14:04 น.'),
('LOG0000000034', '20240320', 'ACC021', 'คุณ ณัฐพล จันทร์รอน(ฟิล์ม) ทำการจองรถทะเบียน ชส-3276 เมื่อวันที่ 20/03/2024 เวลา 14:04 น.'),
('LOG0000000035', '20240320', 'ACC021', 'คุณ ณัฐพล จันทร์รอน(ฟิล์ม) ทำการจองรถทะเบียน 4กผ-2037 เมื่อวันที่ 20/03/2024 เวลา 14:05 น.'),
('LOG0000000036', '20240320', 'ACC021', 'คุณ ณัฐพล จันทร์รอน(ฟิล์ม) ยกเลิกการจองรถทะเบียน ชส-3276 เมื่อวันที่ 20/03/2024 เวลา 14:05 น.'),
('LOG0000000037', '20240320', 'ACC021', 'คุณ ณัฐพล จันทร์รอน(ฟิล์ม) ยกเลิกการจองรถทะเบียน ศอ-1432 เมื่อวันที่ 20/03/2024 เวลา 14:05 น.'),
('LOG0000000038', '20240320', 'ACC021', 'คุณ ณัฐพล จันทร์รอน(ฟิล์ม) ทำการจองรถทะเบียน ชภ-4286 เมื่อวันที่ 20/03/2024 เวลา 14:06 น.'),
('LOG0000000039', '20240320', 'ACC021', 'คุณ ณัฐพล จันทร์รอน(ฟิล์ม) ปิดการใช้งานรถยนต์ทะเบียน 9กจ-6670 เมื่อวันที่ 20/03/2024 เวลา 14:07 น.'),
('LOG0000000040', '20240320', 'ACC021', 'คุณ ณัฐพล จันทร์รอน(ฟิล์ม) เปิดการใช้งานรถยนต์ทะเบียน 9กจ-6670 เมื่อวันที่ 20/03/2024 เวลา 14:07 น.'),
('LOG0000000041', '20240320', 'ACC021', 'คุณ ณัฐพล จันทร์รอน(ฟิล์ม) เปิดการใช้งานรถยนต์ทะเบียน รรรน เมื่อวันที่ 20/03/2024 เวลา 14:08 น.'),
('LOG0000000042', '20240320', 'ACC021', 'คุณ ณัฐพล จันทร์รอน(ฟิล์ม) ปิดการใช้งานรถยนต์ทะเบียน รรรน เมื่อวันที่ 20/03/2024 เวลา 14:08 น.'),
('LOG0000000043', '20240320', 'ACC021', 'คุณ ณัฐพล จันทร์รอน(ฟิล์ม) เปิดการใช้งานรถยนต์ทะเบียน รรรน เมื่อวันที่ 20/03/2024 เวลา 14:08 น.'),
('LOG0000000044', '20240320', 'ACC021', 'คุณ ณัฐพล จันทร์รอน(ฟิล์ม) ปิดการใช้งานรถยนต์ทะเบียน รรรน เมื่อวันที่ 20/03/2024 เวลา 14:08 น.'),
('LOG0000000045', '20240320', 'ACC021', 'คุณ ณัฐพล จันทร์รอน(ฟิล์ม) เปิดการใช้งานรถยนต์ทะเบียน รรรน เมื่อวันที่ 20/03/2024 เวลา 14:08 น.'),
('LOG0000000046', '20240320', 'ACC021', 'คุณ ณัฐพล จันทร์รอน(ฟิล์ม) ปิดการใช้งานรถยนต์ทะเบียน รรรน เมื่อวันที่ 20/03/2024 เวลา 14:08 น.'),
('LOG0000000047', '20240320', 'ACC021', 'คุณ ณัฐพล จันทร์รอน(ฟิล์ม) เปิดการใช้งานรถยนต์ทะเบียน รรรน เมื่อวันที่ 20/03/2024 เวลา 14:08 น.'),
('LOG0000000048', '20240320', 'ACC021', 'คุณ ณัฐพล จันทร์รอน(ฟิล์ม) เพิ่มรถยนต์ทะเบียน รรรน เมื่อวันที่ 20/03/2024 เวลา 14:36 น.'),
('LOG0000000049', '20240320', 'ACC021', 'คุณ ณัฐพล จันทร์รอน(ฟิล์ม) แก้ไขรถยนต์ทะเบียน eyeueu เมื่อวันที่ 20/03/2024 เวลา 14:47 น.'),
('LOG0000000050', '20240320', 'ACC021', 'คุณ ณัฐพล จันทร์รอน(ฟิล์ม) เปิดการใช้งานรถยนต์ทะเบียน eyeueu เมื่อวันที่ 20/03/2024 เวลา 14:48 น.'),
('LOG0000000051', '20240320', 'ACC021', 'คุณ ณัฐพล จันทร์รอน(ฟิล์ม) ปิดการใช้งานรถยนต์ทะเบียน eyeueu เมื่อวันที่ 20/03/2024 เวลา 14:48 น.'),
('LOG0000000052', '20240320', 'ACC021', 'คุณ ณัฐพล จันทร์รอน(ฟิล์ม) เปิดการใช้งานรถยนต์ทะเบียน eyeueu เมื่อวันที่ 20/03/2024 เวลา 14:49 น.'),
('LOG0000000053', '20240320', 'ACC021', 'คุณ ณัฐพล จันทร์รอน(ฟิล์ม) ปิดการใช้งานรถยนต์ทะเบียน eyeueu เมื่อวันที่ 20/03/2024 เวลา 14:49 น.'),
('LOG0000000054', '20240320', 'ACC021', 'คุณ ณัฐพล จันทร์รอน(ฟิล์ม) แก้ไขรถยนต์ทะเบียน yellow เมื่อวันที่ 20/03/2024 เวลา 14:50 น.'),
('LOG0000000055', '20240320', 'ACC021', 'คุณ ณัฐพล จันทร์รอน(ฟิล์ม) แก้ไขรถยนต์ทะเบียน testtest เมื่อวันที่ 20/03/2024 เวลา 14:51 น.'),
('LOG0000000056', '20240320', 'ACC021', 'คุณ ณัฐพล จันทร์รอน(ฟิล์ม) เปิดการใช้งานรถยนต์ทะเบียน testtest เมื่อวันที่ 20/03/2024 เวลา 14:52 น.'),
('LOG0000000057', '20240320', 'ACC021', 'คุณ ณัฐพล จันทร์รอน(ฟิล์ม) ปิดการใช้งานรถยนต์ทะเบียน testtest เมื่อวันที่ 20/03/2024 เวลา 14:52 น.'),
('LOG0000000058', '20240320', 'ACC021', 'คุณ ณัฐพล จันทร์รอน(ฟิล์ม) เปิดการใช้งานรถยนต์ทะเบียน yellow เมื่อวันที่ 20/03/2024 เวลา 15:00 น.'),
('LOG0000000059', '20240320', 'ACC021', 'คุณ ณัฐพล จันทร์รอน(ฟิล์ม) ปิดการใช้งานรถยนต์ทะเบียน yellow เมื่อวันที่ 20/03/2024 เวลา 15:00 น.'),
('LOG0000000060', '20240320', 'ACC021', 'คุณ ณัฐพล จันทร์รอน(ฟิล์ม) ปิดการใช้งานรถยนต์ทะเบียน ศอ-1432 เมื่อวันที่ 20/03/2024 เวลา 15:02 น.'),
('LOG0000000061', '20240320', 'ACC021', 'คุณ ณัฐพล จันทร์รอน(ฟิล์ม) เปิดการใช้งานรถยนต์ทะเบียน ศอ-1432 เมื่อวันที่ 20/03/2024 เวลา 15:02 น.'),
('LOG0000000062', '20240320', 'ACC021', 'คุณ ณัฐพล จันทร์รอน(ฟิล์ม) ปิดการใช้งานรถยนต์ทะเบียน ศอ-1432 เมื่อวันที่ 20/03/2024 เวลา 15:02 น.'),
('LOG0000000063', '20240320', 'ACC021', 'คุณ ณัฐพล จันทร์รอน(ฟิล์ม) เปิดการใช้งานรถยนต์ทะเบียน ศอ-1432 เมื่อวันที่ 20/03/2024 เวลา 15:03 น.'),
('LOG0000000064', '20240320', 'ACC021', 'คุณ ณัฐพล จันทร์รอน(ฟิล์ม) เปิดการใช้งานรถยนต์ทะเบียน yellow เมื่อวันที่ 20/03/2024 เวลา 15:03 น.'),
('LOG0000000065', '20240320', 'ACC021', 'คุณ ณัฐพล จันทร์รอน(ฟิล์ม) ปิดการใช้งานรถยนต์ทะเบียน yellow เมื่อวันที่ 20/03/2024 เวลา 15:03 น.'),
('LOG0000000066', '20240320', 'ACC021', 'คุณ ณัฐพล จันทร์รอน(ฟิล์ม) ลบรถยนต์ทะเบียน ศอ-1432 เมื่อวันที่ 20/03/2024 เวลา 15:26 น.'),
('LOG0000000067', '20240320', 'ACC021', 'คุณ ณัฐพล จันทร์รอน(ฟิล์ม) ลบรถยนต์ทะเบียน testtest เมื่อวันที่ 20/03/2024 เวลา 15:26 น.'),
('LOG0000000068', '20240320', 'ACC021', 'คุณ ณัฐพล จันทร์รอน(ฟิล์ม) ลบรถยนต์ทะเบียน testtest เมื่อวันที่ 20/03/2024 เวลา 15:31 น.'),
('LOG0000000069', '20240320', 'ACC021', 'คุณ ณัฐพล จันทร์รอน(ฟิล์ม) เปิดการใช้งานรถยนต์ทะเบียน yellow เมื่อวันที่ 20/03/2024 เวลา 15:32 น.'),
('LOG0000000070', '20240320', 'ACC021', 'คุณ ณัฐพล จันทร์รอน(ฟิล์ม) ปิดการใช้งานรถยนต์ทะเบียน yellow เมื่อวันที่ 20/03/2024 เวลา 15:32 น.'),
('LOG0000000071', '20240320', 'ACC021', 'คุณ ณัฐพล จันทร์รอน(ฟิล์ม) ลบรถยนต์ทะเบียน yellow เมื่อวันที่ 20/03/2024 เวลา 15:32 น.'),
('LOG0000000072', '20240320', 'ACC021', 'คุณ ณัฐพล จันทร์รอน(ฟิล์ม) เพิ่มรถยนต์ทะเบียน shsjjs เมื่อวันที่ 20/03/2024 เวลา 15:33 น.'),
('LOG0000000073', '20240320', 'ACC021', 'คุณ ณัฐพล จันทร์รอน(ฟิล์ม) ปิดการใช้งานรถยนต์ทะเบียน shsjjs เมื่อวันที่ 20/03/2024 เวลา 15:33 น.'),
('LOG0000000074', '20240320', 'ACC021', 'คุณ ณัฐพล จันทร์รอน(ฟิล์ม) ลบรถยนต์ทะเบียน shsjjs เมื่อวันที่ 20/03/2024 เวลา 15:34 น.'),
('LOG0000000075', '20240320', 'ACC021', 'คุณ ณัฐพล จันทร์รอน(ฟิล์ม) เพิ่มรถยนต์ทะเบียน ueheus เมื่อวันที่ 20/03/2024 เวลา 15:35 น.'),
('LOG0000000076', '20240320', 'ACC021', 'คุณ ณัฐพล จันทร์รอน(ฟิล์ม) เพิ่มรถยนต์ทะเบียน sysush เมื่อวันที่ 20/03/2024 เวลา 15:37 น.'),
('LOG0000000077', '20240320', 'ACC021', 'คุณ ณัฐพล จันทร์รอน(ฟิล์ม) เปิดการใช้งานรถยนต์ทะเบียน sysush เมื่อวันที่ 20/03/2024 เวลา 15:37 น.'),
('LOG0000000078', '20240320', 'ACC021', 'คุณ ณัฐพล จันทร์รอน(ฟิล์ม) ลบรถยนต์ทะเบียน sysush เมื่อวันที่ 20/03/2024 เวลา 15:37 น.'),
('LOG0000000079', '20240320', 'ACC021', 'คุณ ณัฐพล จันทร์รอน(ฟิล์ม) ลบรถยนต์ทะเบียน ueheus เมื่อวันที่ 20/03/2024 เวลา 15:37 น.'),
('LOG0000000080', '20240320', 'ACC021', 'คุณ ณัฐพล จันทร์รอน(ฟิล์ม) เพิ่มรถยนต์ทะเบียน sghshsh เมื่อวันที่ 20/03/2024 เวลา 15:39 น.'),
('LOG0000000081', '20240320', 'ACC021', 'คุณ ณัฐพล จันทร์รอน(ฟิล์ม) เพิ่มรถยนต์ใหม่ทะเบียน sghshsh เมื่อวันที่ 20/03/2024 เวลา 15:39 น.'),
('LOG0000000082', '20240320', 'ACC021', 'คุณ ณัฐพล จันทร์รอน(ฟิล์ม) ลบรถยนต์ทะเบียน sghshsh เมื่อวันที่ 20/03/2024 เวลา 15:40 น.'),
('LOG0000000083', '20240320', 'ACC021', 'คุณ ณัฐพล จันทร์รอน(ฟิล์ม) เพิ่มรถยนต์ทะเบียน shsjsj เมื่อวันที่ 20/03/2024 เวลา 15:40 น.'),
('LOG0000000084', '20240320', 'ACC021', 'คุณ ณัฐพล จันทร์รอน(ฟิล์ม) เพิ่มรถยนต์ใหม่ทะเบียน shsjsj เมื่อวันที่ 20/03/2024 เวลา 15:40 น.'),
('LOG0000000085', '20240320', 'ACC021', 'คุณ ณัฐพล จันทร์รอน(ฟิล์ม) เพิ่มรถยนต์ทะเบียน dhdjjd เมื่อวันที่ 20/03/2024 เวลา 15:41 น.'),
('LOG0000000086', '20240320', 'ACC021', 'คุณ ณัฐพล จันทร์รอน(ฟิล์ม) เพิ่มรถยนต์ใหม่ทะเบียน shshsj เมื่อวันที่ 20/03/2024 เวลา 15:42 น.'),
('LOG0000000087', '20240320', 'ACC021', 'คุณ ณัฐพล จันทร์รอน(ฟิล์ม) เพิ่มรถยนต์ใหม่ทะเบียน wheheje เมื่อวันที่ 20/03/2024 เวลา 15:42 น.'),
('LOG0000000088', '20240320', 'ACC021', 'คุณ ณัฐพล จันทร์รอน(ฟิล์ม) เปิดการใช้งานรถยนต์ทะเบียน shshsj เมื่อวันที่ 20/03/2024 เวลา 15:43 น.'),
('LOG0000000089', '20240320', 'ACC021', 'คุณ ณัฐพล จันทร์รอน(ฟิล์ม) ลบรถยนต์ทะเบียน shshsj เมื่อวันที่ 20/03/2024 เวลา 15:43 น.'),
('LOG0000000090', '20240320', 'ACC021', 'คุณ ณัฐพล จันทร์รอน(ฟิล์ม) ลบรถยนต์ทะเบียน wheheje เมื่อวันที่ 20/03/2024 เวลา 15:43 น.'),
('LOG0000000091', '20240320', 'ACC021', 'คุณ ณัฐพล จันทร์รอน(ฟิล์ม) ลบรถยนต์ทะเบียน shsjsj เมื่อวันที่ 20/03/2024 เวลา 15:43 น.'),
('LOG0000000092', '20240320', 'ACC021', 'คุณ ณัฐพล จันทร์รอน(ฟิล์ม) ปิดการใช้งานรถยนต์ทะเบียน 9กจ-6670 เมื่อวันที่ 20/03/2024 เวลา 16:04 น.'),
('LOG0000000093', '20240320', 'ACC021', 'คุณ ณัฐพล จันทร์รอน(ฟิล์ม) ออกจากระบบ เมื่อวันที่ 20/03/2024 เวลา 16:05 น.'),
('LOG0000000094', '20240320', 'ACC007', 'คุณ ชลธิชา ภักดีกุล(ฝน) เข้าสู่ระบบ เมื่อวันที่ 20/03/2024 เวลา 16:05 น.'),
('LOG0000000095', '20240321', 'ACC007', 'คุณ ชลธิชา ภักดีกุล(ฝน) ทำการ Check In ทะเบียน ชภ-4287 เมื่อวันที่ 21/03/2024 เวลา 09:41 น.'),
('LOG0000000096', '20240321', 'ACC007', 'คุณ ชลธิชา ภักดีกุล(ฝน) ทำการ Check In ทะเบียน ชภ-4287 เมื่อวันที่ 21/03/2024 เวลา 09:53 น.'),
('LOG0000000097', '20240321', 'ACC007', 'คุณ ชลธิชา ภักดีกุล(ฝน) ทำการ Check In ทะเบียน ชภ-4287 เมื่อวันที่ 21/03/2024 เวลา 09:59 น.'),
('LOG0000000098', '20240321', 'ACC007', 'คุณ ชลธิชา ภักดีกุล(ฝน) ทำการ Check In ทะเบียน ชภ-4287 เมื่อวันที่ 21/03/2024 เวลา 10:07 น.'),
('LOG0000000099', '20240321', 'ACC007', 'คุณ ชลธิชา ภักดีกุล(ฝน) ทำการ Check In ทะเบียน ชภ-4287 เมื่อวันที่ 21/03/2024 เวลา 11:32 น.'),
('LOG0000000100', '20240321', 'ACC007', 'คุณ ชลธิชา ภักดีกุล(ฝน) ทำการ Check In ทะเบียน ชภ-4287 เมื่อวันที่ 21/03/2024 เวลา 11:35 น.'),
('LOG0000000101', '20240321', 'ACC007', 'คุณ ชลธิชา ภักดีกุล(ฝน) เข้าสู่ระบบ เมื่อวันที่ 21/03/2024 เวลา 13:12 น.'),
('LOG0000000102', '20240321', 'ACC007', 'คุณ ชลธิชา ภักดีกุล(ฝน) ทำการ Check In ทะเบียน ชภ-4287 เมื่อวันที่ 21/03/2024 เวลา 13:14 น.'),
('LOG0000000103', '20240321', 'ACC007', 'คุณ ชลธิชา ภักดีกุล(ฝน) ออกจากระบบ เมื่อวันที่ 21/03/2024 เวลา 17:20 น.'),
('LOG0000000104', '20240321', 'ACC021', 'คุณ ณัฐพล จันทร์รอน(ฟิล์ม) เข้าสู่ระบบ เมื่อวันที่ 21/03/2024 เวลา 17:20 น.'),
('LOG0000000105', '20240321', 'ACC021', 'คุณ ณัฐพล จันทร์รอน(ฟิล์ม) ออกจากระบบ เมื่อวันที่ 21/03/2024 เวลา 17:20 น.'),
('LOG0000000106', '20240321', 'ACC021', 'คุณ ณัฐพล จันทร์รอน(ฟิล์ม) เข้าสู่ระบบ เมื่อวันที่ 21/03/2024 เวลา 17:21 น.'),
('LOG0000000107', '20240321', 'ACC021', 'คุณ ณัฐพล จันทร์รอน(ฟิล์ม) เปิดการใช้งานรถยนต์ทะเบียน 9กจ-6670 เมื่อวันที่ 21/03/2024 เวลา 17:21 น.'),
('LOG0000000108', '20240321', 'ACC021', 'คุณ ณัฐพล จันทร์รอน(ฟิล์ม) ทำการ Check In ทะเบียน ชภ-4286 เมื่อวันที่ 21/03/2024 เวลา 17:21 น.');

-- --------------------------------------------------------

--
-- Table structure for table `reserve_tb`
--

CREATE TABLE `reserve_tb` (
  `Res_ID` varchar(255) NOT NULL,
  `Res_Project` text NOT NULL,
  `Res_StartDate` text NOT NULL,
  `Res_EndDate` text NOT NULL,
  `Car_ID` text NOT NULL,
  `Acc_ID` text NOT NULL
) ENGINE=InnoDB DEFAULT CHARSET=utf8 COLLATE=utf8_unicode_ci;

--
-- Dumping data for table `reserve_tb`
--

INSERT INTO `reserve_tb` (`Res_ID`, `Res_Project`, `Res_StartDate`, `Res_EndDate`, `Car_ID`, `Acc_ID`) VALUES
('RES001', 'DE', '20240304', '20240331', 'CAR011', 'ACC006'),
('RES002', 'OBE', '20240207', '20240330', 'CAR003', 'ACC005'),
('RES003', 'HUAWEI', '20240314', '20240314', 'CAR009', 'ACC007'),
('RES004', 'DE', '20240310', '20240331', 'CAR004', 'ACC005'),
('RES005', 'PTT', '20240318', '20240329', 'CAR005', 'ACC004'),
('RES006', 'Hadyai', '20240312', '20240701', 'CAR006', 'ACC005'),
('RES007', 'ow', '20240314', '20240314', 'CAR005', 'ACC002'),
('RES008', 'MWA', '20240318', '20240401', 'CAR009', 'ACC005'),
('RES011', 'การไฟฟ้า', '20240201', '20240426', 'CAR001', 'ACC014'),
('RES012', 'งาน', '20240318', '20240319', 'CAR007', 'ACC012'),
('RES016', 'เมสๅๆๆๆ', '20240320', '20240320', 'CAR002', 'ACC021'),
('RES017', 'รรรรรร', '20240314', '20240315', 'CAR008', 'ACC021');

-- --------------------------------------------------------

--
-- Table structure for table `version_tb`
--

CREATE TABLE `version_tb` (
  `Ver_ID` int(11) NOT NULL,
  `Version` text NOT NULL,
  `Link_Download` text NOT NULL DEFAULT '-'
) ENGINE=InnoDB DEFAULT CHARSET=utf8 COLLATE=utf8_unicode_ci;

--
-- Dumping data for table `version_tb`
--

INSERT INTO `version_tb` (`Ver_ID`, `Version`, `Link_Download`) VALUES
(1, '1.0.0', '-');

--
-- Indexes for dumped tables
--

--
-- Indexes for table `account_tb`
--
ALTER TABLE `account_tb`
  ADD PRIMARY KEY (`Acc_ID`);

--
-- Indexes for table `brand_tb`
--
ALTER TABLE `brand_tb`
  ADD PRIMARY KEY (`Br_ID`);

--
-- Indexes for table `car_tb`
--
ALTER TABLE `car_tb`
  ADD PRIMARY KEY (`Car_ID`);

--
-- Indexes for table `doc_tb`
--
ALTER TABLE `doc_tb`
  ADD PRIMARY KEY (`Doc_ID`);

--
-- Indexes for table `history_tb`
--
ALTER TABLE `history_tb`
  ADD PRIMARY KEY (`H_ID`);

--
-- Indexes for table `log_tb`
--
ALTER TABLE `log_tb`
  ADD PRIMARY KEY (`Log_ID`);

--
-- Indexes for table `reserve_tb`
--
ALTER TABLE `reserve_tb`
  ADD PRIMARY KEY (`Res_ID`);

--
-- Indexes for table `version_tb`
--
ALTER TABLE `version_tb`
  ADD PRIMARY KEY (`Ver_ID`);

--
-- AUTO_INCREMENT for dumped tables
--

--
-- AUTO_INCREMENT for table `version_tb`
--
ALTER TABLE `version_tb`
  MODIFY `Ver_ID` int(11) NOT NULL AUTO_INCREMENT, AUTO_INCREMENT=2;
COMMIT;

/*!40101 SET CHARACTER_SET_CLIENT=@OLD_CHARACTER_SET_CLIENT */;
/*!40101 SET CHARACTER_SET_RESULTS=@OLD_CHARACTER_SET_RESULTS */;
/*!40101 SET COLLATION_CONNECTION=@OLD_COLLATION_CONNECTION */;
