-- phpMyAdmin SQL Dump
-- version 5.2.1
-- https://www.phpmyadmin.net/
--
-- Host: 127.0.0.1
-- Generation Time: Mar 29, 2024 at 10:10 AM
-- Server version: 10.4.32-MariaDB
-- PHP Version: 8.2.12

SET SQL_MODE = "NO_AUTO_VALUE_ON_ZERO";
START TRANSACTION;
SET time_zone = "+00:00";


/*!40101 SET @OLD_CHARACTER_SET_CLIENT=@@CHARACTER_SET_CLIENT */;
/*!40101 SET @OLD_CHARACTER_SET_RESULTS=@@CHARACTER_SET_RESULTS */;
/*!40101 SET @OLD_COLLATION_CONNECTION=@@COLLATION_CONNECTION */;
/*!40101 SET NAMES utf8mb4 */;

--
-- Database: `carpool`
--

-- --------------------------------------------------------

--
-- Table structure for table `account_tb`
--

CREATE TABLE `account_tb` (
  `Acc_ID` varchar(255) NOT NULL,
  `Acc_Type` text NOT NULL,
  `Acc_Code` text NOT NULL,
  `Acc_Fullname` text NOT NULL,
  `Acc_Nickname` text NOT NULL,
  `Acc_Tel` text NOT NULL,
  `Acc_Line` text NOT NULL,
  `Acc_Password` text NOT NULL,
  `Acc_Status` text NOT NULL
) ENGINE=InnoDB DEFAULT CHARSET=utf8 COLLATE=utf8_unicode_ci;

--
-- Dumping data for table `account_tb`
--

INSERT INTO `account_tb` (`Acc_ID`, `Acc_Type`, `Acc_Code`, `Acc_Fullname`, `Acc_Nickname`, `Acc_Tel`, `Acc_Line`, `Acc_Password`, `Acc_Status`) VALUES
('ACC021', 'admin', '23576', 'ณัฐพล จันทร์รอน', 'ฟิล์ม', '0972806742', 'pingchingpongchongii', '97fa33ae093e9dfa499bced6a42b3e43', 'Actived'),
('ACC022', 'admin', '58112', 'ปรัชญา คำกุณา', 'นัท', '0802791424', 'Crackzii1455', 'd54d1702ad0f8326224b817c796763c9', 'Actived'),
('ACC023', 'user', '65076', 'เสกสรร อรุณเกษร', 'เสก', '0887369512', 'mashimaru88', '25d55ad283aa400af464c76d713c07ad', 'Actived'),
('ACC024', 'user', '61002', 'อภิณัฎฐ์ บรรจง', 'มอส', '0928345182', 'apinut1626', '7ac39cac543415dbd4b495ad73f95b4c', 'Actived'),
('ACC025', 'user', '61188', 'ธัญญา เสนาะคำ', 'จูน', '0922709054', 'june.ty', '4b8c4193fec8d77f85ece53ea4a6bb93', 'Actived'),
('ACC026', 'user', '66190', 'พีรวัส กรพัฒนา', 'พีม', '0972959609', 'kornpatana', '71578eb02269555f8596fc8e5f50261b', 'Actived'),
('ACC027', 'user', '63115', 'Chatchai Nean-Udron', '9', '0888803339', 'kg1991kg', '69fc89cf41d5c259bd5c143a13dc96ac', 'Actived');

-- --------------------------------------------------------

--
-- Table structure for table `brand_tb`
--

CREATE TABLE `brand_tb` (
  `Br_ID` varchar(5) NOT NULL,
  `Br_Name` text NOT NULL
) ENGINE=InnoDB DEFAULT CHARSET=utf8 COLLATE=utf8_unicode_ci;

-- --------------------------------------------------------

--
-- Table structure for table `car_tb`
--

CREATE TABLE `car_tb` (
  `Car_ID` varchar(255) NOT NULL,
  `Car_Brand` text NOT NULL,
  `Car_Model` text NOT NULL,
  `Car_Number` text NOT NULL,
  `Car_Mileage` text NOT NULL,
  `Car_Status` text NOT NULL
) ENGINE=InnoDB DEFAULT CHARSET=utf8 COLLATE=utf8_unicode_ci;

--
-- Dumping data for table `car_tb`
--

INSERT INTO `car_tb` (`Car_ID`, `Car_Brand`, `Car_Model`, `Car_Number`, `Car_Mileage`, `Car_Status`) VALUES
('CAR003', 'ISUZU', '-', '4กผ-2040', '222222', 'Ready'),
('CAR004', 'ISUZU', '-', '4กผ-2043', '189280', 'Ready'),
('CAR005', 'TOYOTA', '-', 'ชห-8974', '469115', 'Ready'),
('CAR006', 'TOYOTA', '-', 'สฬ-4756', '631142', 'Ready'),
('CAR008', 'ISUZU', '-', 'ชภ-4286', '123456', 'Ready'),
('CAR009', 'ISUZU', '-', 'ชภ-4287', '529466', 'Ready'),
('CAR011', 'TOYOTA', '-', '9กจ-6670', '98289', 'Ready'),
('CAR012', 'TOYOTA', 'Revo', 'อ-4163', '0', 'Ready');

-- --------------------------------------------------------

--
-- Table structure for table `doc_tb`
--

CREATE TABLE `doc_tb` (
  `Doc_ID` varchar(255) NOT NULL,
  `Car_ID` text NOT NULL,
  `Acc_ID` text NOT NULL,
  `Doc_File` text NOT NULL,
  `Doc_Upload` text NOT NULL DEFAULT '-',
  `Doc_Pay` text NOT NULL DEFAULT '-',
  `Doc_PayDate` text NOT NULL DEFAULT '-',
  `Doc_Status` text NOT NULL
) ENGINE=InnoDB DEFAULT CHARSET=utf8 COLLATE=utf8_unicode_ci;

-- --------------------------------------------------------

--
-- Table structure for table `history_tb`
--

CREATE TABLE `history_tb` (
  `H_ID` varchar(255) NOT NULL,
  `Acc_ID` text NOT NULL,
  `Car_ID` text NOT NULL,
  `H_StartDate` text NOT NULL,
  `H_EndDate` text NOT NULL,
  `H_StartTime` text NOT NULL,
  `H_EndTime` text NOT NULL,
  `H_Project` text NOT NULL,
  `H_MileageStart` text NOT NULL,
  `H_MileageEnd` text NOT NULL,
  `H_PicMileageStart` text NOT NULL,
  `H_PicMileageEnd` text NOT NULL,
  `H_PicFront` text NOT NULL,
  `H_PicBack` text NOT NULL,
  `H_PicLeft` text NOT NULL,
  `H_PicRight` text NOT NULL,
  `H_PicHood` text NOT NULL,
  `H_Comment` text NOT NULL DEFAULT '-',
  `H_Status` text NOT NULL
) ENGINE=InnoDB DEFAULT CHARSET=utf8 COLLATE=utf8_unicode_ci;

--
-- Dumping data for table `history_tb`
--

INSERT INTO `history_tb` (`H_ID`, `Acc_ID`, `Car_ID`, `H_StartDate`, `H_EndDate`, `H_StartTime`, `H_EndTime`, `H_Project`, `H_MileageStart`, `H_MileageEnd`, `H_PicMileageStart`, `H_PicMileageEnd`, `H_PicFront`, `H_PicBack`, `H_PicLeft`, `H_PicRight`, `H_PicHood`, `H_Comment`, `H_Status`) VALUES
('H20240328102513', 'ACC023', 'CAR004', '20240328', '20240328', '10:25', '17:24', 'ไป Abik', '189280', '189280', '/carpool/pic_history/H20240328102513_start.jpg', '/carpool/pic_history/H20240328102513_end.jpg', '/carpool/pic_history/H20240328102513_front.jpg', '/carpool/pic_history/H20240328102513_back.jpg', '/carpool/pic_history/H20240328102513_left.jpg', '/carpool/pic_history/H20240328102513_right.jpg', '/carpool/pic_history/H20240328102513_hood.jpg', '-', 'success'),
('H20240328173338', 'ACC024', 'CAR011', '20240329', '20240329', '-', '-', 'test', '98289', '-', '-', '-', '-', '-', '-', '-', '-', '-', 'started'),
('H20240328174241', 'ACC021', 'CAR003', '20240328', '20240328', '-', '-', 'ttt', '222222', '-', '-', '-', '-', '-', '-', '-', '-', '-', 'started'),
('H20240329092046', 'ACC026', 'CAR005', '20240329', '20240329', '-', '-', 'การประปา', '469115', '-', '-', '-', '-', '-', '-', '-', '-', '-', 'started');

-- --------------------------------------------------------

--
-- Table structure for table `log_tb`
--

CREATE TABLE `log_tb` (
  `Log_ID` varchar(255) NOT NULL,
  `Log_Date` text NOT NULL,
  `ACC_ID` text NOT NULL,
  `Log_Event` text NOT NULL
) ENGINE=InnoDB DEFAULT CHARSET=utf8 COLLATE=utf8_unicode_ci;

--
-- Dumping data for table `log_tb`
--

INSERT INTO `log_tb` (`Log_ID`, `Log_Date`, `ACC_ID`, `Log_Event`) VALUES
('LOG0000000001', '20240316', 'ACC021', 'คุณ ณัฐพล จันทร์รอนฟิล์ม ได้เข้าสู่ระบบ เมื่อ 15:19 น.'),
('LOG0000000002', '20240316', 'ACC021', 'คุณ ณัฐพล จันทร์รอน(ฟิล์ม) ได้เข้าสู่ระบบ เมื่อ 15:20 น.'),
('LOG0000000003', '20240316', 'ACC021', 'คุณ ณัฐพล จันทร์รอน(ฟิล์ม) เข้าสู่ระบบ เมื่อวันที่ 16/03/2024 เวลา 15:25 น.'),
('LOG0000000004', '20240318', 'ACC005', 'คุณ พิมพิลาไล ทองคำ(พิม) เข้าสู่ระบบ เมื่อวันที่ 18/03/2024 เวลา 09:48 น.'),
('LOG0000000005', '20240319', 'ACC021', 'คุณ ณัฐพล จันทร์รอน(ฟิล์ม) ทำการจองรถ เมื่อวันที่ 19/03/2024 เวลา 13:51 น.'),
('LOG0000000006', '20240319', 'ACC021', 'คุณ ณัฐพล จันทร์รอน(ฟิล์ม) ยกเลิกการจองรถ เมื่อวันที่ 19/03/2024 เวลา 13:58 น.'),
('LOG0000000007', '20240319', 'ACC021', 'คุณ ณัฐพล จันทร์รอน(ฟิล์ม) ทำการจองรถทะเบียน ชภ-4286 เมื่อวันที่ 19/03/2024 เวลา 13:59 น.'),
('LOG0000000008', '20240319', 'ACC021', 'คุณ ณัฐพล จันทร์รอน(ฟิล์ม) เข้าสู่ระบบ เมื่อวันที่ 19/03/2024 เวลา 14:03 น.'),
('LOG0000000009', '20240319', 'ACC021', 'คุณ ณัฐพล จันทร์รอน(ฟิล์ม) ออกจากระบบ เมื่อวันที่ 19/03/2024 เวลา 14:03 น.'),
('LOG0000000010', '20240319', 'ACC021', 'คุณ ณัฐพล จันทร์รอน(ฟิล์ม) เข้าสู่ระบบ เมื่อวันที่ 19/03/2024 เวลา 14:05 น.'),
('LOG0000000011', '20240319', 'ACC021', 'คุณ ณัฐพล จันทร์รอน(ฟิล์ม) ทำการจองรถทะเบียน ชภ-4286 เมื่อวันที่ 19/03/2024 เวลา 14:05 น.'),
('LOG0000000012', '20240319', 'ACC021', 'คุณ ณัฐพล จันทร์รอน(ฟิล์ม) ยกเลิกการจองรถ เมื่อวันที่ 19/03/2024 เวลา 14:06 น.'),
('LOG0000000013', '20240319', 'ACC021', 'คุณ ณัฐพล จันทร์รอน(ฟิล์ม) ออกจากระบบ เมื่อวันที่ 19/03/2024 เวลา 14:23 น.'),
('LOG0000000014', '20240319', 'ACC021', 'คุณ ณัฐพล จันทร์รอน(ฟิล์ม) เข้าสู่ระบบ เมื่อวันที่ 19/03/2024 เวลา 14:23 น.'),
('LOG0000000015', '20240319', 'ACC021', 'คุณ ณัฐพล จันทร์รอน(ฟิล์ม) เพิ่มรถยนต์ทะเบียน รรรน เมื่อวันที่ 19/03/2024 เวลา 15:41 น.'),
('LOG0000000016', '20240319', 'ACC021', 'คุณ ณัฐพล จันทร์รอน(ฟิล์ม) เพิ่มรถยนต์ทะเบียน eyeueu เมื่อวันที่ 19/03/2024 เวลา 15:43 น.'),
('LOG0000000017', '20240319', 'ACC021', 'คุณ ณัฐพล จันทร์รอน(ฟิล์ม) ยกเลิกการจองรถ เมื่อวันที่ 19/03/2024 เวลา 15:55 น.'),
('LOG0000000018', '20240319', 'ACC021', 'คุณ ณัฐพล จันทร์รอน(ฟิล์ม) ทำการจองรถทะเบียน 4กผ-2037 เมื่อวันที่ 19/03/2024 เวลา 15:57 น.'),
('LOG0000000019', '20240319', 'ACC021', 'คุณ ณัฐพล จันทร์รอน(ฟิล์ม) ยกเลิกการจองรถยนต์ เมื่อวันที่ 19/03/2024 เวลา 15:57 น.'),
('LOG0000000020', '20240319', 'ACC021', 'คุณ ณัฐพล จันทร์รอน(ฟิล์ม) ทำการจองรถทะเบียน ชภ-4286 เมื่อวันที่ 19/03/2024 เวลา 15:59 น.'),
('LOG0000000021', '20240319', 'ACC021', 'คุณ ณัฐพล จันทร์รอน(ฟิล์ม) ยกเลิกการจองรถทะเบียน ชภ-4286 เมื่อวันที่ 19/03/2024 เวลา 16:00 น.'),
('LOG0000000022', '20240319', 'ACC021', 'คุณ ณัฐพล จันทร์รอน(ฟิล์ม) ทำการจองรถทะเบียน 4กผ-2037 เมื่อวันที่ 19/03/2024 เวลา 16:01 น.'),
('LOG0000000023', '20240319', 'ACC021', 'คุณ ณัฐพล จันทร์รอน(ฟิล์ม) ทำการจองรถทะเบียน ศอ-1432 เมื่อวันที่ 19/03/2024 เวลา 16:01 น.'),
('LOG0000000024', '20240320', 'ACC021', 'คุณ ณัฐพล จันทร์รอน(ฟิล์ม) ปิดการใช้งานรถยนต์ทะเบียน eyeueu เมื่อวันที่ 20/03/2024 เวลา 11:36 น.'),
('LOG0000000025', '20240320', 'ACC021', 'คุณ ณัฐพล จันทร์รอน(ฟิล์ม) ปิดการใช้งานรถยนต์ทะเบียน 9กจ-6670 เมื่อวันที่ 20/03/2024 เวลา 11:37 น.'),
('LOG0000000026', '20240320', 'ACC021', 'คุณ ณัฐพล จันทร์รอน(ฟิล์ม) เปิดการใช้งานรถยนต์ทะเบียน 9กจ-6670 เมื่อวันที่ 20/03/2024 เวลา 11:37 น.'),
('LOG0000000027', '20240320', 'ACC021', 'คุณ ณัฐพล จันทร์รอน(ฟิล์ม) เปิดการใช้งานรถยนต์ทะเบียน รรรน เมื่อวันที่ 20/03/2024 เวลา 11:39 น.'),
('LOG0000000028', '20240320', 'ACC021', 'คุณ ณัฐพล จันทร์รอน(ฟิล์ม) ปิดการใช้งานรถยนต์ทะเบียน รรรน เมื่อวันที่ 20/03/2024 เวลา 11:39 น.'),
('LOG0000000029', '20240320', 'ACC021', 'คุณ ณัฐพล จันทร์รอน(ฟิล์ม) ปิดการใช้งานรถยนต์ทะเบียน สฬ-4756 เมื่อวันที่ 20/03/2024 เวลา 11:39 น.'),
('LOG0000000030', '20240320', 'ACC021', 'คุณ ณัฐพล จันทร์รอน(ฟิล์ม) เปิดการใช้งานรถยนต์ทะเบียน สฬ-4756 เมื่อวันที่ 20/03/2024 เวลา 11:39 น.'),
('LOG0000000031', '20240320', 'ACC021', 'คุณ ณัฐพล จันทร์รอน(ฟิล์ม) ปิดการใช้งานรถยนต์ทะเบียน 9กจ-6670 เมื่อวันที่ 20/03/2024 เวลา 11:40 น.'),
('LOG0000000032', '20240320', 'ACC021', 'คุณ ณัฐพล จันทร์รอน(ฟิล์ม) เปิดการใช้งานรถยนต์ทะเบียน 9กจ-6670 เมื่อวันที่ 20/03/2024 เวลา 11:40 น.'),
('LOG0000000033', '20240320', 'ACC021', 'คุณ ณัฐพล จันทร์รอน(ฟิล์ม) ยกเลิกการจองรถทะเบียน 4กผ-2037 เมื่อวันที่ 20/03/2024 เวลา 14:04 น.'),
('LOG0000000034', '20240320', 'ACC021', 'คุณ ณัฐพล จันทร์รอน(ฟิล์ม) ทำการจองรถทะเบียน ชส-3276 เมื่อวันที่ 20/03/2024 เวลา 14:04 น.'),
('LOG0000000035', '20240320', 'ACC021', 'คุณ ณัฐพล จันทร์รอน(ฟิล์ม) ทำการจองรถทะเบียน 4กผ-2037 เมื่อวันที่ 20/03/2024 เวลา 14:05 น.'),
('LOG0000000036', '20240320', 'ACC021', 'คุณ ณัฐพล จันทร์รอน(ฟิล์ม) ยกเลิกการจองรถทะเบียน ชส-3276 เมื่อวันที่ 20/03/2024 เวลา 14:05 น.'),
('LOG0000000037', '20240320', 'ACC021', 'คุณ ณัฐพล จันทร์รอน(ฟิล์ม) ยกเลิกการจองรถทะเบียน ศอ-1432 เมื่อวันที่ 20/03/2024 เวลา 14:05 น.'),
('LOG0000000038', '20240320', 'ACC021', 'คุณ ณัฐพล จันทร์รอน(ฟิล์ม) ทำการจองรถทะเบียน ชภ-4286 เมื่อวันที่ 20/03/2024 เวลา 14:06 น.'),
('LOG0000000039', '20240320', 'ACC021', 'คุณ ณัฐพล จันทร์รอน(ฟิล์ม) ปิดการใช้งานรถยนต์ทะเบียน 9กจ-6670 เมื่อวันที่ 20/03/2024 เวลา 14:07 น.'),
('LOG0000000040', '20240320', 'ACC021', 'คุณ ณัฐพล จันทร์รอน(ฟิล์ม) เปิดการใช้งานรถยนต์ทะเบียน 9กจ-6670 เมื่อวันที่ 20/03/2024 เวลา 14:07 น.'),
('LOG0000000041', '20240320', 'ACC021', 'คุณ ณัฐพล จันทร์รอน(ฟิล์ม) เปิดการใช้งานรถยนต์ทะเบียน รรรน เมื่อวันที่ 20/03/2024 เวลา 14:08 น.'),
('LOG0000000042', '20240320', 'ACC021', 'คุณ ณัฐพล จันทร์รอน(ฟิล์ม) ปิดการใช้งานรถยนต์ทะเบียน รรรน เมื่อวันที่ 20/03/2024 เวลา 14:08 น.'),
('LOG0000000043', '20240320', 'ACC021', 'คุณ ณัฐพล จันทร์รอน(ฟิล์ม) เปิดการใช้งานรถยนต์ทะเบียน รรรน เมื่อวันที่ 20/03/2024 เวลา 14:08 น.'),
('LOG0000000044', '20240320', 'ACC021', 'คุณ ณัฐพล จันทร์รอน(ฟิล์ม) ปิดการใช้งานรถยนต์ทะเบียน รรรน เมื่อวันที่ 20/03/2024 เวลา 14:08 น.'),
('LOG0000000045', '20240320', 'ACC021', 'คุณ ณัฐพล จันทร์รอน(ฟิล์ม) เปิดการใช้งานรถยนต์ทะเบียน รรรน เมื่อวันที่ 20/03/2024 เวลา 14:08 น.'),
('LOG0000000046', '20240320', 'ACC021', 'คุณ ณัฐพล จันทร์รอน(ฟิล์ม) ปิดการใช้งานรถยนต์ทะเบียน รรรน เมื่อวันที่ 20/03/2024 เวลา 14:08 น.'),
('LOG0000000047', '20240320', 'ACC021', 'คุณ ณัฐพล จันทร์รอน(ฟิล์ม) เปิดการใช้งานรถยนต์ทะเบียน รรรน เมื่อวันที่ 20/03/2024 เวลา 14:08 น.'),
('LOG0000000048', '20240320', 'ACC021', 'คุณ ณัฐพล จันทร์รอน(ฟิล์ม) เพิ่มรถยนต์ทะเบียน รรรน เมื่อวันที่ 20/03/2024 เวลา 14:36 น.'),
('LOG0000000049', '20240320', 'ACC021', 'คุณ ณัฐพล จันทร์รอน(ฟิล์ม) แก้ไขรถยนต์ทะเบียน eyeueu เมื่อวันที่ 20/03/2024 เวลา 14:47 น.'),
('LOG0000000050', '20240320', 'ACC021', 'คุณ ณัฐพล จันทร์รอน(ฟิล์ม) เปิดการใช้งานรถยนต์ทะเบียน eyeueu เมื่อวันที่ 20/03/2024 เวลา 14:48 น.'),
('LOG0000000051', '20240320', 'ACC021', 'คุณ ณัฐพล จันทร์รอน(ฟิล์ม) ปิดการใช้งานรถยนต์ทะเบียน eyeueu เมื่อวันที่ 20/03/2024 เวลา 14:48 น.'),
('LOG0000000052', '20240320', 'ACC021', 'คุณ ณัฐพล จันทร์รอน(ฟิล์ม) เปิดการใช้งานรถยนต์ทะเบียน eyeueu เมื่อวันที่ 20/03/2024 เวลา 14:49 น.'),
('LOG0000000053', '20240320', 'ACC021', 'คุณ ณัฐพล จันทร์รอน(ฟิล์ม) ปิดการใช้งานรถยนต์ทะเบียน eyeueu เมื่อวันที่ 20/03/2024 เวลา 14:49 น.'),
('LOG0000000054', '20240320', 'ACC021', 'คุณ ณัฐพล จันทร์รอน(ฟิล์ม) แก้ไขรถยนต์ทะเบียน yellow เมื่อวันที่ 20/03/2024 เวลา 14:50 น.'),
('LOG0000000055', '20240320', 'ACC021', 'คุณ ณัฐพล จันทร์รอน(ฟิล์ม) แก้ไขรถยนต์ทะเบียน testtest เมื่อวันที่ 20/03/2024 เวลา 14:51 น.'),
('LOG0000000056', '20240320', 'ACC021', 'คุณ ณัฐพล จันทร์รอน(ฟิล์ม) เปิดการใช้งานรถยนต์ทะเบียน testtest เมื่อวันที่ 20/03/2024 เวลา 14:52 น.'),
('LOG0000000057', '20240320', 'ACC021', 'คุณ ณัฐพล จันทร์รอน(ฟิล์ม) ปิดการใช้งานรถยนต์ทะเบียน testtest เมื่อวันที่ 20/03/2024 เวลา 14:52 น.'),
('LOG0000000058', '20240320', 'ACC021', 'คุณ ณัฐพล จันทร์รอน(ฟิล์ม) เปิดการใช้งานรถยนต์ทะเบียน yellow เมื่อวันที่ 20/03/2024 เวลา 15:00 น.'),
('LOG0000000059', '20240320', 'ACC021', 'คุณ ณัฐพล จันทร์รอน(ฟิล์ม) ปิดการใช้งานรถยนต์ทะเบียน yellow เมื่อวันที่ 20/03/2024 เวลา 15:00 น.'),
('LOG0000000060', '20240320', 'ACC021', 'คุณ ณัฐพล จันทร์รอน(ฟิล์ม) ปิดการใช้งานรถยนต์ทะเบียน ศอ-1432 เมื่อวันที่ 20/03/2024 เวลา 15:02 น.'),
('LOG0000000061', '20240320', 'ACC021', 'คุณ ณัฐพล จันทร์รอน(ฟิล์ม) เปิดการใช้งานรถยนต์ทะเบียน ศอ-1432 เมื่อวันที่ 20/03/2024 เวลา 15:02 น.'),
('LOG0000000062', '20240320', 'ACC021', 'คุณ ณัฐพล จันทร์รอน(ฟิล์ม) ปิดการใช้งานรถยนต์ทะเบียน ศอ-1432 เมื่อวันที่ 20/03/2024 เวลา 15:02 น.'),
('LOG0000000063', '20240320', 'ACC021', 'คุณ ณัฐพล จันทร์รอน(ฟิล์ม) เปิดการใช้งานรถยนต์ทะเบียน ศอ-1432 เมื่อวันที่ 20/03/2024 เวลา 15:03 น.'),
('LOG0000000064', '20240320', 'ACC021', 'คุณ ณัฐพล จันทร์รอน(ฟิล์ม) เปิดการใช้งานรถยนต์ทะเบียน yellow เมื่อวันที่ 20/03/2024 เวลา 15:03 น.'),
('LOG0000000065', '20240320', 'ACC021', 'คุณ ณัฐพล จันทร์รอน(ฟิล์ม) ปิดการใช้งานรถยนต์ทะเบียน yellow เมื่อวันที่ 20/03/2024 เวลา 15:03 น.'),
('LOG0000000066', '20240320', 'ACC021', 'คุณ ณัฐพล จันทร์รอน(ฟิล์ม) ลบรถยนต์ทะเบียน ศอ-1432 เมื่อวันที่ 20/03/2024 เวลา 15:26 น.'),
('LOG0000000067', '20240320', 'ACC021', 'คุณ ณัฐพล จันทร์รอน(ฟิล์ม) ลบรถยนต์ทะเบียน testtest เมื่อวันที่ 20/03/2024 เวลา 15:26 น.'),
('LOG0000000068', '20240320', 'ACC021', 'คุณ ณัฐพล จันทร์รอน(ฟิล์ม) ลบรถยนต์ทะเบียน testtest เมื่อวันที่ 20/03/2024 เวลา 15:31 น.'),
('LOG0000000069', '20240320', 'ACC021', 'คุณ ณัฐพล จันทร์รอน(ฟิล์ม) เปิดการใช้งานรถยนต์ทะเบียน yellow เมื่อวันที่ 20/03/2024 เวลา 15:32 น.'),
('LOG0000000070', '20240320', 'ACC021', 'คุณ ณัฐพล จันทร์รอน(ฟิล์ม) ปิดการใช้งานรถยนต์ทะเบียน yellow เมื่อวันที่ 20/03/2024 เวลา 15:32 น.'),
('LOG0000000071', '20240320', 'ACC021', 'คุณ ณัฐพล จันทร์รอน(ฟิล์ม) ลบรถยนต์ทะเบียน yellow เมื่อวันที่ 20/03/2024 เวลา 15:32 น.'),
('LOG0000000072', '20240320', 'ACC021', 'คุณ ณัฐพล จันทร์รอน(ฟิล์ม) เพิ่มรถยนต์ทะเบียน shsjjs เมื่อวันที่ 20/03/2024 เวลา 15:33 น.'),
('LOG0000000073', '20240320', 'ACC021', 'คุณ ณัฐพล จันทร์รอน(ฟิล์ม) ปิดการใช้งานรถยนต์ทะเบียน shsjjs เมื่อวันที่ 20/03/2024 เวลา 15:33 น.'),
('LOG0000000074', '20240320', 'ACC021', 'คุณ ณัฐพล จันทร์รอน(ฟิล์ม) ลบรถยนต์ทะเบียน shsjjs เมื่อวันที่ 20/03/2024 เวลา 15:34 น.'),
('LOG0000000075', '20240320', 'ACC021', 'คุณ ณัฐพล จันทร์รอน(ฟิล์ม) เพิ่มรถยนต์ทะเบียน ueheus เมื่อวันที่ 20/03/2024 เวลา 15:35 น.'),
('LOG0000000076', '20240320', 'ACC021', 'คุณ ณัฐพล จันทร์รอน(ฟิล์ม) เพิ่มรถยนต์ทะเบียน sysush เมื่อวันที่ 20/03/2024 เวลา 15:37 น.'),
('LOG0000000077', '20240320', 'ACC021', 'คุณ ณัฐพล จันทร์รอน(ฟิล์ม) เปิดการใช้งานรถยนต์ทะเบียน sysush เมื่อวันที่ 20/03/2024 เวลา 15:37 น.'),
('LOG0000000078', '20240320', 'ACC021', 'คุณ ณัฐพล จันทร์รอน(ฟิล์ม) ลบรถยนต์ทะเบียน sysush เมื่อวันที่ 20/03/2024 เวลา 15:37 น.'),
('LOG0000000079', '20240320', 'ACC021', 'คุณ ณัฐพล จันทร์รอน(ฟิล์ม) ลบรถยนต์ทะเบียน ueheus เมื่อวันที่ 20/03/2024 เวลา 15:37 น.'),
('LOG0000000080', '20240320', 'ACC021', 'คุณ ณัฐพล จันทร์รอน(ฟิล์ม) เพิ่มรถยนต์ทะเบียน sghshsh เมื่อวันที่ 20/03/2024 เวลา 15:39 น.'),
('LOG0000000081', '20240320', 'ACC021', 'คุณ ณัฐพล จันทร์รอน(ฟิล์ม) เพิ่มรถยนต์ใหม่ทะเบียน sghshsh เมื่อวันที่ 20/03/2024 เวลา 15:39 น.'),
('LOG0000000082', '20240320', 'ACC021', 'คุณ ณัฐพล จันทร์รอน(ฟิล์ม) ลบรถยนต์ทะเบียน sghshsh เมื่อวันที่ 20/03/2024 เวลา 15:40 น.'),
('LOG0000000083', '20240320', 'ACC021', 'คุณ ณัฐพล จันทร์รอน(ฟิล์ม) เพิ่มรถยนต์ทะเบียน shsjsj เมื่อวันที่ 20/03/2024 เวลา 15:40 น.'),
('LOG0000000084', '20240320', 'ACC021', 'คุณ ณัฐพล จันทร์รอน(ฟิล์ม) เพิ่มรถยนต์ใหม่ทะเบียน shsjsj เมื่อวันที่ 20/03/2024 เวลา 15:40 น.'),
('LOG0000000085', '20240320', 'ACC021', 'คุณ ณัฐพล จันทร์รอน(ฟิล์ม) เพิ่มรถยนต์ทะเบียน dhdjjd เมื่อวันที่ 20/03/2024 เวลา 15:41 น.'),
('LOG0000000086', '20240320', 'ACC021', 'คุณ ณัฐพล จันทร์รอน(ฟิล์ม) เพิ่มรถยนต์ใหม่ทะเบียน shshsj เมื่อวันที่ 20/03/2024 เวลา 15:42 น.'),
('LOG0000000087', '20240320', 'ACC021', 'คุณ ณัฐพล จันทร์รอน(ฟิล์ม) เพิ่มรถยนต์ใหม่ทะเบียน wheheje เมื่อวันที่ 20/03/2024 เวลา 15:42 น.'),
('LOG0000000088', '20240320', 'ACC021', 'คุณ ณัฐพล จันทร์รอน(ฟิล์ม) เปิดการใช้งานรถยนต์ทะเบียน shshsj เมื่อวันที่ 20/03/2024 เวลา 15:43 น.'),
('LOG0000000089', '20240320', 'ACC021', 'คุณ ณัฐพล จันทร์รอน(ฟิล์ม) ลบรถยนต์ทะเบียน shshsj เมื่อวันที่ 20/03/2024 เวลา 15:43 น.'),
('LOG0000000090', '20240320', 'ACC021', 'คุณ ณัฐพล จันทร์รอน(ฟิล์ม) ลบรถยนต์ทะเบียน wheheje เมื่อวันที่ 20/03/2024 เวลา 15:43 น.'),
('LOG0000000091', '20240320', 'ACC021', 'คุณ ณัฐพล จันทร์รอน(ฟิล์ม) ลบรถยนต์ทะเบียน shsjsj เมื่อวันที่ 20/03/2024 เวลา 15:43 น.'),
('LOG0000000092', '20240320', 'ACC021', 'คุณ ณัฐพล จันทร์รอน(ฟิล์ม) ปิดการใช้งานรถยนต์ทะเบียน 9กจ-6670 เมื่อวันที่ 20/03/2024 เวลา 16:04 น.'),
('LOG0000000093', '20240320', 'ACC021', 'คุณ ณัฐพล จันทร์รอน(ฟิล์ม) ออกจากระบบ เมื่อวันที่ 20/03/2024 เวลา 16:05 น.'),
('LOG0000000094', '20240320', 'ACC007', 'คุณ ชลธิชา ภักดีกุล(ฝน) เข้าสู่ระบบ เมื่อวันที่ 20/03/2024 เวลา 16:05 น.'),
('LOG0000000095', '20240321', 'ACC007', 'คุณ ชลธิชา ภักดีกุล(ฝน) ทำการ Check In ทะเบียน ชภ-4287 เมื่อวันที่ 21/03/2024 เวลา 09:41 น.'),
('LOG0000000096', '20240321', 'ACC007', 'คุณ ชลธิชา ภักดีกุล(ฝน) ทำการ Check In ทะเบียน ชภ-4287 เมื่อวันที่ 21/03/2024 เวลา 09:53 น.'),
('LOG0000000097', '20240321', 'ACC007', 'คุณ ชลธิชา ภักดีกุล(ฝน) ทำการ Check In ทะเบียน ชภ-4287 เมื่อวันที่ 21/03/2024 เวลา 09:59 น.'),
('LOG0000000098', '20240321', 'ACC007', 'คุณ ชลธิชา ภักดีกุล(ฝน) ทำการ Check In ทะเบียน ชภ-4287 เมื่อวันที่ 21/03/2024 เวลา 10:07 น.'),
('LOG0000000099', '20240321', 'ACC007', 'คุณ ชลธิชา ภักดีกุล(ฝน) ทำการ Check In ทะเบียน ชภ-4287 เมื่อวันที่ 21/03/2024 เวลา 11:32 น.'),
('LOG0000000100', '20240321', 'ACC007', 'คุณ ชลธิชา ภักดีกุล(ฝน) ทำการ Check In ทะเบียน ชภ-4287 เมื่อวันที่ 21/03/2024 เวลา 11:35 น.'),
('LOG0000000101', '20240321', 'ACC007', 'คุณ ชลธิชา ภักดีกุล(ฝน) เข้าสู่ระบบ เมื่อวันที่ 21/03/2024 เวลา 13:12 น.'),
('LOG0000000102', '20240321', 'ACC007', 'คุณ ชลธิชา ภักดีกุล(ฝน) ทำการ Check In ทะเบียน ชภ-4287 เมื่อวันที่ 21/03/2024 เวลา 13:14 น.'),
('LOG0000000103', '20240321', 'ACC007', 'คุณ ชลธิชา ภักดีกุล(ฝน) ออกจากระบบ เมื่อวันที่ 21/03/2024 เวลา 17:20 น.'),
('LOG0000000104', '20240321', 'ACC021', 'คุณ ณัฐพล จันทร์รอน(ฟิล์ม) เข้าสู่ระบบ เมื่อวันที่ 21/03/2024 เวลา 17:20 น.'),
('LOG0000000105', '20240321', 'ACC021', 'คุณ ณัฐพล จันทร์รอน(ฟิล์ม) ออกจากระบบ เมื่อวันที่ 21/03/2024 เวลา 17:20 น.'),
('LOG0000000106', '20240321', 'ACC021', 'คุณ ณัฐพล จันทร์รอน(ฟิล์ม) เข้าสู่ระบบ เมื่อวันที่ 21/03/2024 เวลา 17:21 น.'),
('LOG0000000107', '20240321', 'ACC021', 'คุณ ณัฐพล จันทร์รอน(ฟิล์ม) เปิดการใช้งานรถยนต์ทะเบียน 9กจ-6670 เมื่อวันที่ 21/03/2024 เวลา 17:21 น.'),
('LOG0000000108', '20240321', 'ACC021', 'คุณ ณัฐพล จันทร์รอน(ฟิล์ม) ทำการ Check In ทะเบียน ชภ-4286 เมื่อวันที่ 21/03/2024 เวลา 17:21 น.'),
('LOG0000000109', '20240325', 'ACC021', 'คุณ ณัฐพล จันทร์รอน(ฟิล์ม) ปิดการใช้งานรถยนต์ทะเบียน 9กจ-6670 เมื่อวันที่ 25/03/2024 เวลา 17:06 น.'),
('LOG0000000110', '20240325', 'ACC021', 'คุณ ณัฐพล จันทร์รอน(ฟิล์ม) เปิดการใช้งานรถยนต์ทะเบียน 9กจ-6670 เมื่อวันที่ 25/03/2024 เวลา 17:06 น.'),
('LOG0000000111', '20240326', 'ACC021', 'คุณ ณัฐพล จันทร์รอน(ฟิล์ม) ปิดการใช้งานรถยนต์ทะเบียน 9กจ-6670 เมื่อวันที่ 26/03/2024 เวลา 12:59 น.'),
('LOG0000000112', '20240326', 'ACC021', 'คุณ ณัฐพล จันทร์รอน(ฟิล์ม) เปิดการใช้งานรถยนต์ทะเบียน 9กจ-6670 เมื่อวันที่ 26/03/2024 เวลา 12:59 น.'),
('LOG0000000113', '20240326', 'ACC021', 'คุณ ณัฐพล จันทร์รอน(ฟิล์ม) ปิดการใช้งานรถยนต์ทะเบียน 9กจ-6670 เมื่อวันที่ 26/03/2024 เวลา 13:01 น.'),
('LOG0000000114', '20240326', 'ACC021', 'คุณ ณัฐพล จันทร์รอน(ฟิล์ม) เปิดการใช้งานรถยนต์ทะเบียน 9กจ-6670 เมื่อวันที่ 26/03/2024 เวลา 13:02 น.'),
('LOG0000000115', '20240326', 'ACC021', 'คุณ ณัฐพล จันทร์รอน(ฟิล์ม) ปิดการใช้งานรถยนต์ทะเบียน 9กจ-6670 เมื่อวันที่ 26/03/2024 เวลา 13:02 น.'),
('LOG0000000116', '20240326', 'ACC021', 'คุณ ณัฐพล จันทร์รอน(ฟิล์ม) เปิดการใช้งานรถยนต์ทะเบียน 9กจ-6670 เมื่อวันที่ 26/03/2024 เวลา 13:02 น.'),
('LOG0000000117', '20240326', 'ACC021', 'คุณ ณัฐพล จันทร์รอน(ฟิล์ม) ปิดการใช้งานรถยนต์ทะเบียน 9กจ-6670 เมื่อวันที่ 26/03/2024 เวลา 13:02 น.'),
('LOG0000000118', '20240326', 'ACC021', 'คุณ ณัฐพล จันทร์รอน(ฟิล์ม) เปิดการใช้งานรถยนต์ทะเบียน 9กจ-6670 เมื่อวันที่ 26/03/2024 เวลา 13:02 น.'),
('LOG0000000119', '20240326', 'ACC021', 'คุณ ณัฐพล จันทร์รอน(ฟิล์ม) ปิดการใช้งานรถยนต์ทะเบียน 9กจ-6670 เมื่อวันที่ 26/03/2024 เวลา 13:02 น.'),
('LOG0000000120', '20240326', 'ACC021', 'คุณ ณัฐพล จันทร์รอน(ฟิล์ม) เปิดการใช้งานรถยนต์ทะเบียน 9กจ-6670 เมื่อวันที่ 26/03/2024 เวลา 13:02 น.'),
('LOG0000000121', '20240326', 'ACC021', 'คุณ ณัฐพล จันทร์รอน(ฟิล์ม) ทำการจองรถทะเบียน 4กผ-2037 เมื่อวันที่ 26/03/2024 เวลา 13:02 น.'),
('LOG0000000122', '20240326', 'ACC021', 'คุณ ณัฐพล จันทร์รอน(ฟิล์ม) ยกเลิกการจองรถทะเบียน 4กผ-2037 เมื่อวันที่ 26/03/2024 เวลา 13:03 น.'),
('LOG0000000123', '20240326', 'ACC021', 'คุณ ณัฐพล จันทร์รอน(ฟิล์ม) ออกจากระบบ เมื่อวันที่ 26/03/2024 เวลา 13:04 น.'),
('LOG0000000124', '20240326', 'ACC007', 'คุณ ชลธิชา ภักดีกุล(ฝน) เข้าสู่ระบบ เมื่อวันที่ 26/03/2024 เวลา 13:05 น.'),
('LOG0000000125', '20240326', 'ACC007', 'คุณ ชลธิชา ภักดีกุล(ฝน) ออกจากระบบ เมื่อวันที่ 26/03/2024 เวลา 13:14 น.'),
('LOG0000000126', '20240326', 'ACC021', 'คุณ ณัฐพล จันทร์รอน(ฟิล์ม) เข้าสู่ระบบ เมื่อวันที่ 26/03/2024 เวลา 13:14 น.'),
('LOG0000000127', '20240326', 'ACC021', 'คุณ ณัฐพล จันทร์รอน(ฟิล์ม) ปิดการใช้งานรถยนต์ทะเบียน 9กจ-6670 เมื่อวันที่ 26/03/2024 เวลา 13:17 น.'),
('LOG0000000128', '20240326', 'ACC021', 'คุณ ณัฐพล จันทร์รอน(ฟิล์ม) เปิดการใช้งานรถยนต์ทะเบียน 9กจ-6670 เมื่อวันที่ 26/03/2024 เวลา 13:17 น.'),
('LOG0000000129', '20240326', 'ACC021', 'คุณ ณัฐพล จันทร์รอน(ฟิล์ม) ปิดการใช้งานรถยนต์ทะเบียน 9กจ-6670 เมื่อวันที่ 26/03/2024 เวลา 13:17 น.'),
('LOG0000000130', '20240326', 'ACC021', 'คุณ ณัฐพล จันทร์รอน(ฟิล์ม) เปิดการใช้งานรถยนต์ทะเบียน 9กจ-6670 เมื่อวันที่ 26/03/2024 เวลา 13:17 น.'),
('LOG0000000131', '20240326', 'ACC021', 'คุณ ณัฐพล จันทร์รอน(ฟิล์ม) ปิดการใช้งานรถยนต์ทะเบียน 9กจ-6670 เมื่อวันที่ 26/03/2024 เวลา 13:17 น.'),
('LOG0000000132', '20240326', 'ACC021', 'คุณ ณัฐพล จันทร์รอน(ฟิล์ม) เปิดการใช้งานรถยนต์ทะเบียน 9กจ-6670 เมื่อวันที่ 26/03/2024 เวลา 13:19 น.'),
('LOG0000000133', '20240326', 'ACC021', 'คุณ ณัฐพล จันทร์รอน(ฟิล์ม) ปิดการใช้งานรถยนต์ทะเบียน 4กผ-2033 เมื่อวันที่ 26/03/2024 เวลา 13:20 น.'),
('LOG0000000134', '20240326', 'ACC021', 'คุณ ณัฐพล จันทร์รอน(ฟิล์ม) เปิดการใช้งานรถยนต์ทะเบียน 4กผ-2033 เมื่อวันที่ 26/03/2024 เวลา 13:20 น.'),
('LOG0000000135', '20240326', 'ACC021', 'คุณ ณัฐพล จันทร์รอน(ฟิล์ม) ปิดการใช้งานรถยนต์ทะเบียน 9กจ-6670 เมื่อวันที่ 26/03/2024 เวลา 13:20 น.'),
('LOG0000000136', '20240326', 'ACC021', 'คุณ ณัฐพล จันทร์รอน(ฟิล์ม) เปิดการใช้งานรถยนต์ทะเบียน 9กจ-6670 เมื่อวันที่ 26/03/2024 เวลา 13:20 น.'),
('LOG0000000137', '20240326', 'ACC021', 'คุณ ณัฐพล จันทร์รอน(ฟิล์ม) ทำการ Check In ทะเบียน ชภ-4286 เมื่อวันที่ 26/03/2024 เวลา 13:22 น.'),
('LOG0000000138', '20240326', 'ACC021', 'คุณ ณัฐพล จันทร์รอน(ฟิล์ม) ทำการจองรถทะเบียน 4กผ-2040 เมื่อวันที่ 26/03/2024 เวลา 15:58 น.'),
('LOG0000000139', '20240326', 'ACC021', 'คุณ ณัฐพล จันทร์รอน(ฟิล์ม) ทำการจองรถทะเบียน 4กผ-2037 เมื่อวันที่ 26/03/2024 เวลา 15:58 น.'),
('LOG0000000140', '20240326', 'ACC021', 'คุณ ณัฐพล จันทร์รอน(ฟิล์ม) ทำการ Check In ทะเบียน 4กผ-2040 เมื่อวันที่ 26/03/2024 เวลา 16:31 น.'),
('LOG0000000141', '20240326', 'ACC021', 'คุณ ณัฐพล จันทร์รอน(ฟิล์ม) ทำการ Check In ทะเบียน 4กผ-2040 เมื่อวันที่ 26/03/2024 เวลา 16:49 น.'),
('LOG0000000142', '20240327', 'ACC021', 'คุณ ณัฐพล จันทร์รอน(ฟิล์ม) ปิดการใช้งานรถยนต์ทะเบียน ศอ-1432 เมื่อวันที่ 27/03/2024 เวลา 09:33 น.'),
('LOG0000000143', '20240327', 'ACC021', 'คุณ ณัฐพล จันทร์รอน(ฟิล์ม) เปิดการใช้งานรถยนต์ทะเบียน ศอ-1432 เมื่อวันที่ 27/03/2024 เวลา 09:34 น.'),
('LOG0000000144', '20240327', 'ACC021', 'คุณ ณัฐพล จันทร์รอน(ฟิล์ม) ทำการจองรถทะเบียน ชภ-4286 เมื่อวันที่ 27/03/2024 เวลา 14:10 น.'),
('LOG0000000145', '20240327', 'ACC021', 'คุณ ณัฐพล จันทร์รอน(ฟิล์ม) ทำการ Check In ทะเบียน ชภ-4286 เมื่อวันที่ 27/03/2024 เวลา 14:11 น.'),
('LOG0000000146', '20240327', 'ACC021', 'คุณ ณัฐพล จันทร์รอน(ฟิล์ม) ทำการ Check In ทะเบียน ชภ-4286 เมื่อวันที่ 27/03/2024 เวลา 14:11 น.'),
('LOG0000000147', '20240327', 'ACC021', 'คุณ ณัฐพล จันทร์รอน(ฟิล์ม) ทำการ Check In ทะเบียน ชภ-4286 เมื่อวันที่ 27/03/2024 เวลา 14:11 น.'),
('LOG0000000148', '20240327', 'ACC021', 'คุณ ณัฐพล จันทร์รอน(ฟิล์ม) ทำการ Check In ทะเบียน ชภ-4286 เมื่อวันที่ 27/03/2024 เวลา 14:29 น.'),
('LOG0000000149', '20240327', 'ACC021', 'คุณ ณัฐพล จันทร์รอน(ฟิล์ม) ทำการ Check In ทะเบียน ชภ-4286 เมื่อวันที่ 27/03/2024 เวลา 14:31 น.'),
('LOG0000000150', '20240327', 'ACC021', 'คุณ ณัฐพล จันทร์รอน(ฟิล์ม) ทำการจองรถทะเบียน ชภ-4286 เมื่อวันที่ 27/03/2024 เวลา 14:47 น.'),
('LOG0000000151', '20240327', 'ACC021', 'คุณ ณัฐพล จันทร์รอน(ฟิล์ม) ทำการ Check In ทะเบียน ชภ-4286 เมื่อวันที่ 27/03/2024 เวลา 14:48 น.'),
('LOG0000000152', '20240327', 'ACC021', 'คุณ ณัฐพล จันทร์รอน(ฟิล์ม) ทำการจองรถทะเบียน ชภ-4286 เมื่อวันที่ 27/03/2024 เวลา 14:53 น.'),
('LOG0000000153', '20240327', 'ACC021', 'คุณ ณัฐพล จันทร์รอน(ฟิล์ม) ทำการ Check In ทะเบียน ชภ-4286 เมื่อวันที่ 27/03/2024 เวลา 14:53 น.'),
('LOG0000000154', '20240327', 'ACC021', 'คุณ ณัฐพล จันทร์รอน(ฟิล์ม) ทำการ Check In ทะเบียน ชภ-4286 เมื่อวันที่ 27/03/2024 เวลา 14:55 น.'),
('LOG0000000155', '20240327', 'ACC021', 'คุณ ณัฐพล จันทร์รอน(ฟิล์ม) ทำการจองรถทะเบียน ชภ-4286 เมื่อวันที่ 27/03/2024 เวลา 14:58 น.'),
('LOG0000000156', '20240327', 'ACC021', 'คุณ ณัฐพล จันทร์รอน(ฟิล์ม) ทำการ Check In ทะเบียน ชภ-4286 เมื่อวันที่ 27/03/2024 เวลา 14:58 น.'),
('LOG0000000157', '20240327', 'ACC021', 'คุณ ณัฐพล จันทร์รอน(ฟิล์ม) ออกจากระบบ เมื่อวันที่ 27/03/2024 เวลา 15:00 น.'),
('LOG0000000158', '20240327', 'ACC019', 'คุณ ธนกฤต ใจมั่น(ตั้ม) เข้าสู่ระบบ เมื่อวันที่ 27/03/2024 เวลา 15:01 น.'),
('LOG0000000159', '20240327', 'ACC019', 'คุณ ธนกฤต ใจมั่น(ตั้ม) ทำการจองรถทะเบียน 4กผ-2037 เมื่อวันที่ 27/03/2024 เวลา 15:01 น.'),
('LOG0000000160', '20240327', 'ACC019', 'คุณ ธนกฤต ใจมั่น(ตั้ม) ทำการ Check In ทะเบียน 4กผ-2037 เมื่อวันที่ 27/03/2024 เวลา 15:02 น.'),
('LOG0000000161', '20240327', 'ACC019', 'คุณ ธนกฤต ใจมั่น(ตั้ม) ออกจากระบบ เมื่อวันที่ 27/03/2024 เวลา 15:13 น.'),
('LOG0000000162', '20240327', 'ACC021', 'คุณ ณัฐพล จันทร์รอน(ฟิล์ม) เข้าสู่ระบบ เมื่อวันที่ 27/03/2024 เวลา 15:13 น.'),
('LOG0000000163', '20240327', 'ACC021', 'คุณ ณัฐพล จันทร์รอน(ฟิล์ม) ทำการจองรถทะเบียน ชภ-4286 เมื่อวันที่ 27/03/2024 เวลา 15:14 น.'),
('LOG0000000164', '20240327', 'ACC021', 'คุณ ณัฐพล จันทร์รอน(ฟิล์ม) ทำการ Check In ทะเบียน ชภ-4286 เมื่อวันที่ 27/03/2024 เวลา 15:14 น.'),
('LOG0000000165', '20240327', 'ACC021', 'คุณ ณัฐพล จันทร์รอน(ฟิล์ม) เข้าสู่ระบบ เมื่อวันที่ 27/03/2024 เวลา 15:27 น.'),
('LOG0000000166', '20240328', 'ACC021', 'คุณ ณัฐพล จันทร์รอน(ฟิล์ม) เข้าสู่ระบบ เมื่อวันที่ 28/03/2024 เวลา 09:09 น.'),
('LOG0000000167', '20240328', 'ACC021', 'คุณ ณัฐพล จันทร์รอน(ฟิล์ม) ออกจากระบบ เมื่อวันที่ 28/03/2024 เวลา 09:09 น.'),
('LOG0000000168', '20240328', 'ACC022', 'คุณ ปรัชญา คำกุณา(นัท) เข้าสู่ระบบ เมื่อวันที่ 28/03/2024 เวลา 09:46 น.'),
('LOG0000000169', '20240328', 'ACC021', 'คุณ ณัฐพล จันทร์รอน(ฟิล์ม) ปิดการใช้งานรถยนต์ทะเบียน 4กผ-2033 เมื่อวันที่ 28/03/2024 เวลา 09:48 น.'),
('LOG0000000170', '20240328', 'ACC021', 'คุณ ณัฐพล จันทร์รอน(ฟิล์ม) ปิดการใช้งานรถยนต์ทะเบียน 4กผ-2037 เมื่อวันที่ 28/03/2024 เวลา 09:48 น.'),
('LOG0000000171', '20240328', 'ACC021', 'คุณ ณัฐพล จันทร์รอน(ฟิล์ม) ปิดการใช้งานรถยนต์ทะเบียน ชส-3276 เมื่อวันที่ 28/03/2024 เวลา 09:49 น.'),
('LOG0000000172', '20240328', 'ACC021', 'คุณ ณัฐพล จันทร์รอน(ฟิล์ม) ปิดการใช้งานรถยนต์ทะเบียน สฬ-4756 เมื่อวันที่ 28/03/2024 เวลา 09:49 น.'),
('LOG0000000173', '20240328', 'ACC021', 'คุณ ณัฐพล จันทร์รอน(ฟิล์ม) เปิดการใช้งานรถยนต์ทะเบียน ชส-3276 เมื่อวันที่ 28/03/2024 เวลา 09:50 น.'),
('LOG0000000174', '20240328', 'ACC021', 'คุณ ณัฐพล จันทร์รอน(ฟิล์ม) เปิดการใช้งานรถยนต์ทะเบียน สฬ-4756 เมื่อวันที่ 28/03/2024 เวลา 09:50 น.'),
('LOG0000000175', '20240328', 'ACC021', 'คุณ ณัฐพล จันทร์รอน(ฟิล์ม) เปิดการใช้งานรถยนต์ทะเบียน 4กผ-2037 เมื่อวันที่ 28/03/2024 เวลา 09:50 น.'),
('LOG0000000176', '20240328', 'ACC021', 'คุณ ณัฐพล จันทร์รอน(ฟิล์ม) เปิดการใช้งานรถยนต์ทะเบียน 4กผ-2033 เมื่อวันที่ 28/03/2024 เวลา 09:50 น.'),
('LOG0000000177', '20240328', 'ACC021', 'คุณ ณัฐพล จันทร์รอน(ฟิล์ม) ปิดการใช้งานรถยนต์ทะเบียน 9กจ-6670 เมื่อวันที่ 28/03/2024 เวลา 09:52 น.'),
('LOG0000000178', '20240328', 'ACC021', 'คุณ ณัฐพล จันทร์รอน(ฟิล์ม) เปิดการใช้งานรถยนต์ทะเบียน 9กจ-6670 เมื่อวันที่ 28/03/2024 เวลา 09:52 น.'),
('LOG0000000179', '20240328', 'ACC021', 'คุณ ณัฐพล จันทร์รอน(ฟิล์ม) ปิดการใช้งานรถยนต์ทะเบียน สฬ-4756 เมื่อวันที่ 28/03/2024 เวลา 09:52 น.'),
('LOG0000000180', '20240328', 'ACC021', 'คุณ ณัฐพล จันทร์รอน(ฟิล์ม) ปิดการใช้งานรถยนต์ทะเบียน 4กผ-2037 เมื่อวันที่ 28/03/2024 เวลา 09:53 น.'),
('LOG0000000181', '20240328', 'ACC021', 'คุณ ณัฐพล จันทร์รอน(ฟิล์ม) เปิดการใช้งานรถยนต์ทะเบียน สฬ-4756 เมื่อวันที่ 28/03/2024 เวลา 09:53 น.'),
('LOG0000000182', '20240328', 'ACC021', 'คุณ ณัฐพล จันทร์รอน(ฟิล์ม) เปิดการใช้งานรถยนต์ทะเบียน 4กผ-2037 เมื่อวันที่ 28/03/2024 เวลา 09:53 น.'),
('LOG0000000183', '20240328', 'ACC021', 'คุณ ณัฐพล จันทร์รอน(ฟิล์ม) ปิดการใช้งานรถยนต์ทะเบียน 4กผ-2033 เมื่อวันที่ 28/03/2024 เวลา 09:55 น.'),
('LOG0000000184', '20240328', 'ACC021', 'คุณ ณัฐพล จันทร์รอน(ฟิล์ม) ปิดการใช้งานรถยนต์ทะเบียน 4กผ-2037 เมื่อวันที่ 28/03/2024 เวลา 09:55 น.'),
('LOG0000000185', '20240328', 'ACC021', 'คุณ ณัฐพล จันทร์รอน(ฟิล์ม) เปิดการใช้งานรถยนต์ทะเบียน 4กผ-2037 เมื่อวันที่ 28/03/2024 เวลา 09:55 น.'),
('LOG0000000186', '20240328', 'ACC021', 'คุณ ณัฐพล จันทร์รอน(ฟิล์ม) เปิดการใช้งานรถยนต์ทะเบียน 4กผ-2033 เมื่อวันที่ 28/03/2024 เวลา 09:55 น.'),
('LOG0000000187', '20240328', 'ACC021', 'คุณ ณัฐพล จันทร์รอน(ฟิล์ม) ลบรถยนต์ทะเบียน 4กผ-2033 เมื่อวันที่ 28/03/2024 เวลา 09:56 น.'),
('LOG0000000188', '20240328', 'ACC021', 'คุณ ณัฐพล จันทร์รอน(ฟิล์ม) ลบรถยนต์ทะเบียน 4กผ-2037 เมื่อวันที่ 28/03/2024 เวลา 09:56 น.'),
('LOG0000000189', '20240328', 'ACC021', 'คุณ ณัฐพล จันทร์รอน(ฟิล์ม) ลบรถยนต์ทะเบียน ชส-3276 เมื่อวันที่ 28/03/2024 เวลา 09:56 น.'),
('LOG0000000190', '20240328', 'ACC021', 'คุณ ณัฐพล จันทร์รอน(ฟิล์ม) ลบรถยนต์ทะเบียน ศอ-1432 เมื่อวันที่ 28/03/2024 เวลา 09:59 น.'),
('LOG0000000191', '20240328', 'ACC021', 'คุณ ณัฐพล จันทร์รอน(ฟิล์ม) แก้ไขรถยนต์ทะเบียน 9กจ-6670 เมื่อวันที่ 28/03/2024 เวลา 09:59 น.'),
('LOG0000000192', '20240328', 'ACC021', 'คุณ ณัฐพล จันทร์รอน(ฟิล์ม) เพิ่มรถยนต์ใหม่ทะเบียน อ-4163 เมื่อวันที่ 28/03/2024 เวลา 10:00 น.'),
('LOG0000000193', '20240328', 'ACC021', 'คุณ ณัฐพล จันทร์รอน(ฟิล์ม) เปิดการใช้งานรถยนต์ทะเบียน อ-4163 เมื่อวันที่ 28/03/2024 เวลา 10:00 น.'),
('LOG0000000194', '20240328', 'ACC023', 'คุณ เสกสรร อรุณเกษร(เสก) เข้าสู่ระบบ เมื่อวันที่ 28/03/2024 เวลา 10:09 น.'),
('LOG0000000195', '20240328', 'ACC023', 'คุณ เสกสรร อรุณเกษร(เสก) ทำการจองรถทะเบียน 4กผ-2043 เมื่อวันที่ 28/03/2024 เวลา 10:10 น.'),
('LOG0000000196', '20240328', 'ACC023', 'คุณ เสกสรร อรุณเกษร(เสก) ทำการ Check In ทะเบียน 4กผ-2043 เมื่อวันที่ 28/03/2024 เวลา 10:10 น.'),
('LOG0000000197', '20240328', 'ACC023', 'คุณ เสกสรร อรุณเกษร(เสก) ทำการจองรถทะเบียน 4กผ-2043 เมื่อวันที่ 28/03/2024 เวลา 10:16 น.'),
('LOG0000000198', '20240328', 'ACC023', 'คุณ เสกสรร อรุณเกษร(เสก) ทำการ Check In ทะเบียน 4กผ-2043 เมื่อวันที่ 28/03/2024 เวลา 10:25 น.'),
('LOG0000000199', '20240328', 'ACC022', 'คุณ ปรัชญา คำกุณา(นัท) ออกจากระบบ เมื่อวันที่ 28/03/2024 เวลา 10:49 น.'),
('LOG0000000200', '20240328', 'ACC021', 'คุณ ณัฐพล จันทร์รอน(ฟิล์ม) เข้าสู่ระบบ เมื่อวันที่ 28/03/2024 เวลา 14:15 น.'),
('LOG0000000201', '20240328', 'ACC021', 'คุณ ณัฐพล จันทร์รอน(ฟิล์ม) ออกจากระบบ เมื่อวันที่ 28/03/2024 เวลา 14:15 น.'),
('LOG0000000202', '20240328', 'ACC021', 'คุณ ณัฐพล จันทร์รอน(ฟิล์ม) เข้าสู่ระบบ เมื่อวันที่ 28/03/2024 เวลา 14:26 น.'),
('LOG0000000203', '20240328', 'ACC021', 'คุณ ณัฐพล จันทร์รอน(ฟิล์ม) ออกจากระบบ เมื่อวันที่ 28/03/2024 เวลา 14:36 น.'),
('LOG0000000204', '20240328', 'ACC021', 'คุณ ณัฐพล จันทร์รอน(ฟิล์ม) เข้าสู่ระบบ เมื่อวันที่ 28/03/2024 เวลา 14:37 น.'),
('LOG0000000205', '20240328', 'ACC021', 'คุณ ณัฐพล จันทร์รอน(ฟิล์ม) เข้าสู่ระบบ เมื่อวันที่ 28/03/2024 เวลา 16:06 น.'),
('LOG0000000206', '20240328', 'ACC021', 'คุณ ณัฐพล จันทร์รอน(ฟิล์ม) ออกจากระบบ เมื่อวันที่ 28/03/2024 เวลา 16:08 น.'),
('LOG0000000207', '20240328', 'ACC021', 'คุณ ณัฐพล จันทร์รอน(ฟิล์ม) ออกจากระบบ เมื่อวันที่ 28/03/2024 เวลา 16:33 น.'),
('LOG0000000208', '20240328', 'ACC021', 'คุณ ณัฐพล จันทร์รอน(ฟิล์ม) เข้าสู่ระบบ เมื่อวันที่ 28/03/2024 เวลา 16:40 น.'),
('LOG0000000209', '20240328', 'ACC021', 'คุณ ณัฐพล จันทร์รอน(ฟิล์ม) ทำการจองรถทะเบียน 4กผ-2040 เมื่อวันที่ 28/03/2024 เวลา 17:29 น.'),
('LOG0000000210', '20240328', 'ACC021', 'คุณ ณัฐพล จันทร์รอน(ฟิล์ม) ทำการ Check In ทะเบียน 4กผ-2040 เมื่อวันที่ 28/03/2024 เวลา 17:29 น.'),
('LOG0000000211', '20240328', 'ACC024', 'คุณ อภิณัฎฐ์ บรรจง(มอส) เข้าสู่ระบบ เมื่อวันที่ 28/03/2024 เวลา 17:32 น.'),
('LOG0000000212', '20240328', 'ACC024', 'คุณ อภิณัฎฐ์ บรรจง(มอส) ทำการจองรถทะเบียน 9กจ-6670 เมื่อวันที่ 28/03/2024 เวลา 17:33 น.'),
('LOG0000000213', '20240328', 'ACC024', 'คุณ อภิณัฎฐ์ บรรจง(มอส) ทำการ Check In ทะเบียน 9กจ-6670 เมื่อวันที่ 28/03/2024 เวลา 17:33 น.'),
('LOG0000000214', '20240328', 'ACC025', 'คุณ ธัญญา เสนาะคำ(จูน) เข้าสู่ระบบ เมื่อวันที่ 28/03/2024 เวลา 17:34 น.'),
('LOG0000000215', '20240328', 'ACC025', 'คุณ ธัญญา เสนาะคำ(จูน) ออกจากระบบ เมื่อวันที่ 28/03/2024 เวลา 17:36 น.'),
('LOG0000000216', '20240328', 'ACC021', 'คุณ ณัฐพล จันทร์รอน(ฟิล์ม) เข้าสู่ระบบ เมื่อวันที่ 28/03/2024 เวลา 17:38 น.'),
('LOG0000000217', '20240328', 'ACC026', 'คุณ พีรวัส กรพัฒนา(พีม) เข้าสู่ระบบ เมื่อวันที่ 28/03/2024 เวลา 17:38 น.'),
('LOG0000000218', '20240328', 'ACC026', 'คุณ พีรวัส กรพัฒนา(พีม) ทำการจองรถทะเบียน ชห-8974 เมื่อวันที่ 28/03/2024 เวลา 17:40 น.'),
('LOG0000000219', '20240328', 'ACC021', 'คุณ ณัฐพล จันทร์รอน(ฟิล์ม) ทำการจองรถทะเบียน 4กผ-2040 เมื่อวันที่ 28/03/2024 เวลา 17:42 น.'),
('LOG0000000220', '20240328', 'ACC021', 'คุณ ณัฐพล จันทร์รอน(ฟิล์ม) ทำการ Check In ทะเบียน 4กผ-2040 เมื่อวันที่ 28/03/2024 เวลา 17:42 น.'),
('LOG0000000221', '20240328', 'ACC021', 'คุณ ณัฐพล จันทร์รอน(ฟิล์ม) เข้าสู่ระบบ เมื่อวันที่ 28/03/2024 เวลา 17:49 น.'),
('LOG0000000222', '20240329', 'ACC021', 'คุณ ณัฐพล จันทร์รอน(ฟิล์ม) เข้าสู่ระบบ เมื่อวันที่ 29/03/2024 เวลา 08:22 น.'),
('LOG0000000223', '20240329', 'ACC021', 'คุณ ณัฐพล จันทร์รอน(ฟิล์ม) ทำการจองรถทะเบียน อ-4163 เมื่อวันที่ 29/03/2024 เวลา 08:23 น.'),
('LOG0000000224', '20240329', 'ACC026', 'คุณ พีรวัส กรพัฒนา(พีม) ทำการ Check In ทะเบียน ชห-8974 เมื่อวันที่ 29/03/2024 เวลา 09:20 น.'),
('LOG0000000225', '20240329', 'ACC022', 'คุณ ปรัชญา คำกุณา(นัท) เข้าสู่ระบบ เมื่อวันที่ 29/03/2024 เวลา 09:22 น.'),
('LOG0000000226', '20240329', 'ACC021', 'คุณ ณัฐพล จันทร์รอน(ฟิล์ม) เข้าสู่ระบบ เมื่อวันที่ 29/03/2024 เวลา 10:44 น.');

-- --------------------------------------------------------

--
-- Table structure for table `reserve_tb`
--

CREATE TABLE `reserve_tb` (
  `Res_ID` varchar(255) NOT NULL,
  `Res_Project` text NOT NULL,
  `Res_StartDate` text NOT NULL,
  `Res_EndDate` text NOT NULL,
  `Car_ID` text NOT NULL,
  `Acc_ID` text NOT NULL,
  `Res_Status` text NOT NULL DEFAULT 'start'
) ENGINE=InnoDB DEFAULT CHARSET=utf8 COLLATE=utf8_unicode_ci;

--
-- Dumping data for table `reserve_tb`
--

INSERT INTO `reserve_tb` (`Res_ID`, `Res_Project`, `Res_StartDate`, `Res_EndDate`, `Car_ID`, `Acc_ID`, `Res_Status`) VALUES
('RES0000001', 'ไป Abik', '20240328', '20240328', 'CAR004', 'ACC023', 'end'),
('RES0000003', 'test', '20240329', '20240329', 'CAR011', 'ACC024', 'start'),
('RES0000004', 'การประปา', '20240329', '20240329', 'CAR005', 'ACC026', 'start'),
('RES0000005', 'ttt', '20240328', '20240328', 'CAR003', 'ACC021', 'end'),
('RES0000006', 'testet', '20240531', '20240531', 'CAR012', 'ACC021', 'start');

-- --------------------------------------------------------

--
-- Table structure for table `version_tb`
--

CREATE TABLE `version_tb` (
  `Ver_ID` int(11) NOT NULL,
  `Version` text NOT NULL,
  `Link_Download` text NOT NULL DEFAULT '-'
) ENGINE=InnoDB DEFAULT CHARSET=utf8 COLLATE=utf8_unicode_ci;

--
-- Dumping data for table `version_tb`
--

INSERT INTO `version_tb` (`Ver_ID`, `Version`, `Link_Download`) VALUES
(1, '1.0.0', '-');

--
-- Indexes for dumped tables
--

--
-- Indexes for table `account_tb`
--
ALTER TABLE `account_tb`
  ADD PRIMARY KEY (`Acc_ID`);

--
-- Indexes for table `brand_tb`
--
ALTER TABLE `brand_tb`
  ADD PRIMARY KEY (`Br_ID`);

--
-- Indexes for table `car_tb`
--
ALTER TABLE `car_tb`
  ADD PRIMARY KEY (`Car_ID`);

--
-- Indexes for table `doc_tb`
--
ALTER TABLE `doc_tb`
  ADD PRIMARY KEY (`Doc_ID`);

--
-- Indexes for table `history_tb`
--
ALTER TABLE `history_tb`
  ADD PRIMARY KEY (`H_ID`);

--
-- Indexes for table `log_tb`
--
ALTER TABLE `log_tb`
  ADD PRIMARY KEY (`Log_ID`);

--
-- Indexes for table `reserve_tb`
--
ALTER TABLE `reserve_tb`
  ADD PRIMARY KEY (`Res_ID`);

--
-- Indexes for table `version_tb`
--
ALTER TABLE `version_tb`
  ADD PRIMARY KEY (`Ver_ID`);

--
-- AUTO_INCREMENT for dumped tables
--

--
-- AUTO_INCREMENT for table `version_tb`
--
ALTER TABLE `version_tb`
  MODIFY `Ver_ID` int(11) NOT NULL AUTO_INCREMENT, AUTO_INCREMENT=2;
COMMIT;

/*!40101 SET CHARACTER_SET_CLIENT=@OLD_CHARACTER_SET_CLIENT */;
/*!40101 SET CHARACTER_SET_RESULTS=@OLD_CHARACTER_SET_RESULTS */;
/*!40101 SET COLLATION_CONNECTION=@OLD_COLLATION_CONNECTION */;
